0x0	0xe
0xc8	0xd2
0x107	0x113
0x186	0x192
0x1b9	0x1e5
0x1fd	0x220
0x36a	0x376
0x41a	0x426
0x453	0x45f
0x50c	0x518
0x544	0x550
0xaf6	0xb02
0xcf3	0xcff
0xd19	0xd25
0xd3a	0xd46
0x1002	0x100c
0x11	0x23
0x1a1	0x1b9
0x44	0x4f
0x122d	0x1248
0x1f7	0x1fd
0x1ef	0x1f7
0x1e5	0x1ef
0x37d	0x3a0
0xff7	0x1002
0xe8a	0xe92
0xe97	0xea2
0xd5	0xdb
0x100	0x107
0x12d	0x134
0x156	0x15d
0x17f	0x186
0x363	0x36a
0x3de	0x3e5
0x413	0x41a
0x44c	0x453
0x47e	0x485
0x49c	0x4a3
0x505	0x50c
0x53d	0x544
0xaf0	0xaf6
0xced	0xcf3
0xd13	0xd19
0xd34	0xd3a
0x39	0x44
0x5a	0x65
0x23	0x2e
0x2e	0x39
0x4f	0x5a
0x65	0x70
0x70	0x7b
0x7b	0x86
0x86	0x91
0x91	0x9c
0x9c	0xa7
0xa7	0xb2
0xb2	0xbd
0xbd	0xc8
0xdb	0xe6
0x134	0x13f
0x15d	0x168
0x3e5	0x3f0
0x485	0x490
0x4a3	0x4ae
0x119d0x53d	0x11b40x53d
0x119d0xaf0	0x11b40xaf0
0x116a0x100	0x11890x100
0x116a0x49c	0x11890x49c
0x116a0xd13	0x11890xd13
0xde8B0x113	0xdfdB0x113
0xde8B0x192	0xdfdB0x192
0xde8B0x376	0xdfdB0x376
0xdfeB0x3a0	0xe08B0x3a0
0xde8B0x426	0xdfdB0x426
0xde8B0x45f	0xdfdB0x45f
0xde8B0x518	0xdfdB0x518
0xdd2B0xd46	0xde7B0xd46
0xdd2B0x199	0xde7B0x199
0xdfeB0x103d	0xe08B0x103d
0xe68B0xf83	0xe86B0xf83
0x10e1B0xd4d	0x1123B0xd4d
0x1152B0xd4d	0x115dB0xd4d
0x1123B0xd4d	0x1130B0xd4d
0xe2bB0xd8d	0xe37B0xd8d
0xe68B0x1016	0xe86B0x1016
0x1030B0x1062	0x103cB0x1062
0xf3dB0xf69B0xfce	0xf45B0xf69B0xfce
0xf2dB0xf69B0xfce	0xf3dB0xf69B0xfce
0xec4B0x1d9e	0xed1B0x1d9e
0xf0cB0x1d9e	0xf10B0x1d9e
0xef9B0x1d9e	0xf0cB0x1d9e
0xf10B0x1d9e	0xf18B0x1d9e
0xea7B0x1d9e	0xeb2B0x1d9e
0xeb2B0x1d9e	0xec4B0x1d9e
0xed1B0x1d9e	0xee3B0x1d9e
0xe68B0xee3B0x1d9e	0xe86B0xee3B0x1d9e
