0x100	0xdebV0x113	0
0x100	0x100arg0x0	0
0x12d	0x12darg0x0	0
0x156	0x156arg0x0	0
0x17f	0x1a5	2
0x17f	0xdebV0x192	0
0x17f	0xdd5V0x199	1
0x17f	0x17farg0x0	0
0x363	0x396	1
0x363	0xdebV0x376	0
0x363	0x363arg0x0	0
0x3de	0x3dearg0x0	0
0x413	0xdebV0x426	0
0x413	0x413arg0x0	0
0x44c	0x46e	1
0x44c	0xdebV0x45f	0
0x44c	0x44carg0x0	0
0x47e	0x47earg0x0	0
0x49c	0x49carg0x0	0
0x505	0xdebV0x518	0
0x505	0x505arg0x0	0
0x53d	0x552	0
0x53d	0x53darg0x0	0
0xaf0	0xb04	0
0xced	0xd06	0
0xd34	0xd74	2
0xd34	0xdb9	0
0xd34	0xdd5V0xd46	1
