0x0	0x80
0x2	0x40
0x5	0x4
0xa	0x11
0xe	0x0
0x12	0x0
0x13	0x0
0x15	0xe0
0x19	0x2186ff4e
0x24	0x264e9cbf
0x2f	0x2728b2c9
0x3a	0x379607f5
0x45	0x5b761c35
0x50	0x5c4c71cb
0x5b	0x715018a6
0x66	0x7313ee5a
0x71	0x7359dbfa
0x7c	0x8d3605b2
0x87	0x8da5cb5b
0x92	0x94c470cb
0x9d	0xc0c53b8b
0xa8	0xc31c9c07
0xb3	0xd63a6ccd
0xbe	0xf2fde38b
0xc8	0xfc0c546a
0xd2	0x0
0xd7	0x1306
0xdc	0x3
0xde	0xfffffffffffffffffffffffffffffffffffffffffffffffffffffffffffffffc
0xe2	0x1328
0xe6	0x3
0xe9	0x40
0xec	0x1
0xee	0x1
0xf0	0xa0
0xf2	0x10000000000000000000000000000000000000000
0xf3	0xffffffffffffffffffffffffffffffffffffffff
0xf9	0x20
0x103	0x134a
0x107	0x20
0x10a	0x3
0x10c	0xfffffffffffffffffffffffffffffffffffffffffffffffffffffffffffffffc
0x10f	0x136c
0x113	0x12a
0x116	0x11d
0x119	0xde8
0x11e	0x125
0x121	0x116a
0x130	0x138e
0x135	0x3
0x137	0xfffffffffffffffffffffffffffffffffffffffffffffffffffffffffffffffc
0x13b	0x13b0
0x13f	0x2
0x142	0x40
0x145	0x1
0x147	0x1
0x149	0xa0
0x14b	0x10000000000000000000000000000000000000000
0x14c	0xffffffffffffffffffffffffffffffffffffffff
0x152	0x20
0x159	0x13d2
0x15e	0x3
0x160	0xfffffffffffffffffffffffffffffffffffffffffffffffffffffffffffffffc
0x164	0x13f4
0x168	0x4
0x16b	0x40
0x16e	0x1
0x170	0x1
0x172	0xa0
0x174	0x10000000000000000000000000000000000000000
0x175	0xffffffffffffffffffffffffffffffffffffffff
0x17b	0x20
0x182	0x1416
0x186	0x60
0x189	0x3
0x18b	0xfffffffffffffffffffffffffffffffffffffffffffffffffffffffffffffffc
0x18e	0x1438
0x192	0x199
0x195	0xde8
0x19a	0x1a1
0x19d	0xdd2
0x1a3	0x44
0x1a6	0x1
0x1a8	0x1
0x1aa	0xa0
0x1ac	0x10000000000000000000000000000000000000000
0x1ad	0xffffffffffffffffffffffffffffffffffffffff
0x1b5	0x35f
0x1b9	0x0
0x1bb	0x20
0x1bd	0x1299
0x1c0	0x0
0x1c2	0x0
0x1c5	0x0
0x1c9	0xff
0x1cc	0x40
0x1d2	0xffffffffffffffff
0x1e1	0x357
0x1e6	0x1
0x1eb	0x34d
0x1f3	0x344
0x1f9	0x335
0x1fd	0xffffffffffffffff
0x206	0xffffffffffffffffffffffffffffffffffffffffffffffff0000000000000000
0x209	0x1
0x20c	0x0
0x20e	0x20
0x210	0x1299
0x213	0x0
0x215	0x0
0x218	0x0
0x21c	0x309
0x222	0x229
0x225	0x122d
0x30a	0xffffffffffffffffff
0x314	0xffffffffffffffffffffffffffffffffffffffffffffff000000000000000000
0x316	0x10000000000000001
0x321	0x0
0x323	0x20
0x325	0x1299
0x328	0x0
0x32a	0x0
0x32d	0x0
0x330	0x0
0x331	0x220
0x336	0xf92ee8a9
0x33b	0xe0
0x33d	0xf92ee8a900000000000000000000000000000000000000000000000000000000
0x340	0x4
0x348	0x0
0x349	0x1f7
0x353	0x1ef
0x35b	0x1e5
0x366	0x145a
0x36a	0x40
0x36d	0x3
0x36f	0xfffffffffffffffffffffffffffffffffffffffffffffffffffffffffffffffc
0x372	0x147c
0x376	0x37d
0x379	0xde8
0x37e	0x1
0x380	0x1
0x382	0xa0
0x384	0x10000000000000000000000000000000000000000
0x385	0xffffffffffffffffffffffffffffffffffffffff
0x389	0x20
0x38e	0x40
0x394	0x24
0x39c	0x3da
0x3a0	0x3a9
0x3a5	0xdfe
0x3ad	0x3d6
0x3b0	0x2
0x3b2	0x1
0x3ba	0x40
0x3c1	0x40
0x3c7	0x60
0x3ce	0x20
0x3d7	0x60
0x3e1	0x149e
0x3e6	0x3
0x3e8	0xfffffffffffffffffffffffffffffffffffffffffffffffffffffffffffffffc
0x3ec	0x14c0
0x3f0	0x0
0x3f2	0x20
0x3f4	0x1259
0x3f7	0x0
0x3f9	0x0
0x3fc	0x0
0x3ff	0x40
0x402	0x1
0x404	0x1
0x406	0xa0
0x408	0x10000000000000000000000000000000000000000
0x409	0xffffffffffffffffffffffffffffffffffffffff
0x40f	0x20
0x416	0x14e2
0x41a	0x20
0x41d	0x3
0x41f	0xfffffffffffffffffffffffffffffffffffffffffffffffffffffffffffffffc
0x422	0x1504
0x426	0x20
0x429	0x40
0x42c	0x1
0x42e	0x1
0x430	0xa0
0x432	0x10000000000000000000000000000000000000000
0x433	0xffffffffffffffffffffffffffffffffffffffff
0x434	0x43b
0x437	0xde8
0x43f	0x1
0x445	0x40
0x44f	0x1526
0x453	0x40
0x456	0x3
0x458	0xfffffffffffffffffffffffffffffffffffffffffffffffffffffffffffffffc
0x45b	0x1548
0x45f	0x20
0x461	0x474
0x464	0x46b
0x467	0xde8
0x46c	0x24
0x470	0x103d
0x475	0x40
0x481	0x156a
0x486	0x3
0x488	0xfffffffffffffffffffffffffffffffffffffffffffffffffffffffffffffffc
0x48c	0x158c
0x490	0x20
0x492	0x5
0x495	0x40
0x49f	0x15ae
0x4a4	0x3
0x4a6	0xfffffffffffffffffffffffffffffffffffffffffffffffffffffffffffffffc
0x4aa	0x15d0
0x4ae	0x4b5
0x4b1	0x116a
0x508	0x15f2
0x50c	0x20
0x50f	0x3
0x511	0xfffffffffffffffffffffffffffffffffffffffffffffffffffffffffffffffc
0x514	0x1614
0x518	0x20
0x51b	0x40
0x51e	0x1
0x520	0x1
0x522	0xa0
0x524	0x10000000000000000000000000000000000000000
0x525	0xffffffffffffffffffffffffffffffffffffffff
0x526	0x52d
0x529	0xde8
0x536	0x40
0x540	0x1636
0x544	0x20
0x547	0x3
0x549	0xfffffffffffffffffffffffffffffffffffffffffffffffffffffffffffffffc
0x54c	0x1659
0x550	0x4
0x553	0x55a
0x556	0x119d
0xaf2	0x1866
0xaf6	0x20
0xaf9	0x3
0xafb	0xfffffffffffffffffffffffffffffffffffffffffffffffffffffffffffffffc
0xafe	0x1889
0xb02	0x4
0xb05	0xb0c
0xb08	0x119d
0xcef	0x1943
0xcf3	0x20
0xcf6	0x3
0xcf8	0xfffffffffffffffffffffffffffffffffffffffffffffffffffffffffffffffc
0xcfb	0x1966
0xcff	0x20
0xd01	0xd0b
0xd04	0x4
0xd07	0xf83
0xd0c	0x40
0xd15	0x1989
0xd19	0x20
0xd1c	0x3
0xd1e	0xfffffffffffffffffffffffffffffffffffffffffffffffffffffffffffffffc
0xd21	0x19ac
0xd25	0xd2c
0xd28	0x116a
0xd36	0x19cf
0xd3a	0x60
0xd3d	0x3
0xd3f	0xfffffffffffffffffffffffffffffffffffffffffffffffffffffffffffffffc
0xd42	0x19f2
0xd46	0xd4d
0xd49	0xdd2
0xd4e	0x2d08db2db312fc60b41a046c46a7772a6c2dcdca0c32a9d3423c6dcbde693e9
0xd6f	0xdcd
0xd72	0x44
0xd76	0xd8d
0xd7a	0x1
0xd7d	0xa0
0xd7f	0x10000000000000000000000000000000000000000
0xd80	0xffffffffffffffffffffffffffffffffffffffff
0xd81	0x3
0xd89	0x10e1
0xd8e	0x1
0xd91	0xa0
0xd93	0x10000000000000000000000000000000000000000
0xd94	0xffffffffffffffffffffffffffffffffffffffff
0xd98	0x0
0xd9a	0x1
0xd9c	0x20
0xd9f	0x40
0xda1	0x0
0xda3	0xdad
0xda9	0xe2b
0xdb0	0x40
0xdb7	0x4
0xdba	0x20
0xdc7	0x60
0xdce	0x60
0xe8e	0x1b27
0xe92	0x20
0xe99	0x2
0xe9a	0x1
0xe9c	0x1
0xe9e	0x1b5a
0xea2	0x40
0xf84	0x0
0xf85	0xff7
0xf89	0x40
0xf8d	0xf97
0xf90	0x60
0xf93	0xe68
0xf98	0x2
0xf9c	0x40
0xf9f	0x20
0xfa4	0x2
0xfa7	0x1
0xfa9	0x1
0xfab	0xa0
0xfad	0x10000000000000000000000000000000000000000
0xfae	0xffffffffffffffffffffffffffffffffffffffff
0xfb0	0xfb8
0xfb4	0xe8a
0xfba	0x3
0xfbd	0x1
0xfbf	0x1
0xfc1	0xa0
0xfc3	0x10000000000000000000000000000000000000000
0xfc4	0xffffffffffffffffffffffffffffffffffffffff
0xfc6	0xfce
0xfca	0xe97
0xfd0	0x1
0xfd3	0xa0
0xfd5	0x10000000000000000000000000000000000000000
0xfd6	0xffffffffffffffffffffffffffffffffffffffff
0xfd7	0x4
0xfdc	0x40
0xfe5	0x7c0329d
0xfea	0xe2
0xfec	0x1f00ca7400000000000000000000000000000000000000000000000000000000
0xfef	0x4
0xff3	0xf69
0xffe	0x1c4c
0x1002	0x1012
0x1006	0x0
0x1008	0x1016
0x100e	0xe8a
0x1017	0x102a
0x101e	0x0
0x1021	0x1d9e
0x1026	0xe68
0x102b	0x0
0x102c	0x100c
0x103f	0x2
0x1041	0x1062
0x1044	0x106b
0x1048	0x5
0x104c	0x1
0x104f	0xa0
0x1051	0x10000000000000000000000000000000000000000
0x1052	0xffffffffffffffffffffffffffffffffffffffff
0x1054	0x0
0x1056	0x0
0x1057	0x20
0x105a	0x40
0x105c	0x0
0x105e	0xdfe
0x1067	0x1030
0x122e	0xff
0x1230	0x0
0x1232	0x20
0x1234	0x1299
0x1237	0x0
0x1239	0x0
0x123c	0x0
0x123f	0x40
0x1244	0x1249
0x124a	0x1afcd79f
0x124f	0xe3
0x1251	0xd7e6bcf800000000000000000000000000000000000000000000000000000000
0x1252	0x0
0x1254	0x4
0x1256	0x0
0x1637	0x0
0x165a	0x0
0x1867	0x0
0x188a	0x0
0x1944	0x0
0x1967	0x0
0x198a	0x0
0x19ad	0x0
0x19d0	0x0
0x19f3	0x0
0x1b28	0x4e487b71
0x1b2d	0xe0
0x1b2f	0x4e487b7100000000000000000000000000000000000000000000000000000000
0x1b30	0x0
0x1b32	0x32
0x1b34	0x4
0x1b37	0x24
0x1b39	0x0
0x1b5b	0x4e487b71
0x1b60	0xe0
0x1b62	0x4e487b7100000000000000000000000000000000000000000000000000000000
0x1b63	0x0
0x1b65	0x32
0x1b67	0x4
0x1b6a	0x24
0x1b6c	0x0
0x1c4d	0x40
0x1c51	0x0
0x1da2	0xea7
0x1da6	0x1e2a
0x1da8	0x1e27
0x1daa	0x1e24
0x1dac	0x1e1c
0x1dae	0x1e14
0x1db0	0x1e11
0x1db2	0x1e09
0x1db4	0x1e06
0x1db6	0x1e03
0x1db8	0x1e00
0x1dba	0x1df8
0x1dbc	0x1df5
0x1dbe	0x1dd4
0x1dc0	0x1dd1
0x1dc2	0x1dce
0x1dc4	0x1dcb
0x1dc6	0x1dc8
0x1dc9	0xd5
0x1dcc	0x100
0x1dcf	0x12d
0x1dd2	0x156
0x1dd5	0x17f
0x1dda	0xf0c57e16840df040f15088dc2f81fe391c3923bec73e23a9662efc9c229c6a00
0x1ddf	0xf0c57e16840df040f15088dc2f81fe391c3923bec73e23a9662efc9c229c6a00
0x1df3	0xf0c57e16840df040f15088dc2f81fe391c3923bec73e23a9662efc9c229c6a00
0x1df6	0x363
0x1df9	0x3de
0x1dfe	0x9016d09d72d40fdae2fd8ceac6b6234c7706214fd39c1cd1e609a0528c199300
0x1e01	0x413
0x1e04	0x44c
0x1e07	0x47e
0x1e0a	0x49c
0x1e12	0x505
0x1e15	0x53d
0x1e1d	0xaf0
0x1e25	0xced
0x1e28	0xd13
0x1e2b	0xd34
0x1e44	0xf0c57e16840df040f15088dc2f81fe391c3923bec73e23a9662efc9c229c6a00
0x53d0x11b0	0x11c6
0xaf00x11b0	0x11c6
0x1000x1185	0x118a
0x49c0x1185	0x118a
0xd130x1185	0x118a
0x53d0x1e3f	0x9b779b17422d0df92223018b32b4d1fa46e071723d6817e2486d003becc55f00
0xaf00x1e3f	0x9b779b17422d0df92223018b32b4d1fa46e071723d6817e2486d003becc55f00
0x53d0x1e3a	0x9b779b17422d0df92223018b32b4d1fa46e071723d6817e2486d003becc55f00
0xaf00x1e3a	0x9b779b17422d0df92223018b32b4d1fa46e071723d6817e2486d003becc55f00
0x1000x1e35	0x9016d09d72d40fdae2fd8ceac6b6234c7706214fd39c1cd1e609a0528c199300
0x49c0x1e35	0x9016d09d72d40fdae2fd8ceac6b6234c7706214fd39c1cd1e609a0528c199300
0xd130x1e35	0x9016d09d72d40fdae2fd8ceac6b6234c7706214fd39c1cd1e609a0528c199300
0x53d0x11d3	0x0
0xaf00x11d3	0x0
0x53d0x11d1	0x4
0xaf00x11d1	0x4
0x53d0x11cf	0x0
0xaf00x11cf	0x0
0x53d0x11ce	0x3ee5aeb500000000000000000000000000000000000000000000000000000000
0xaf00x11ce	0x3ee5aeb500000000000000000000000000000000000000000000000000000000
0x53d0x11cc	0xe0
0xaf00x11cc	0xe0
0x53d0x11c7	0x3ee5aeb5
0xaf00x11c7	0x3ee5aeb5
0x53d0x11c2	0x0
0xaf00x11c2	0x0
0x53d0x11bf	0x0
0xaf00x11bf	0x0
0x53d0x11bd	0x0
0xaf00x11bd	0x0
0x53d0x11ba	0x1279
0xaf00x11ba	0x1279
0x53d0x11b8	0x20
0xaf00x11b8	0x20
0x53d0x11b6	0x0
0xaf00x11b6	0x0
0x53d0x11b4	0x2
0xaf00x11b4	0x2
0x53d0x11ac	0x0
0xaf00x11ac	0x0
0x53d0x11a9	0x0
0xaf00x11a9	0x0
0x53d0x11a7	0x0
0xaf00x11a7	0x0
0x53d0x11a4	0x1279
0xaf00x11a4	0x1279
0x53d0x11a2	0x20
0xaf00x11a2	0x20
0x53d0x11a0	0x0
0xaf00x11a0	0x0
0x53d0x119e	0x2
0xaf00x119e	0x2
0x1000x119b	0x0
0x49c0x119b	0x0
0xd130x119b	0x0
0x1000x1199	0x24
0x49c0x1199	0x24
0xd130x1199	0x24
0x1000x1196	0x4
0x49c0x1196	0x4
0xd130x1196	0x4
0x1000x1193	0x0
0x49c0x1193	0x0
0xd130x1193	0x0
0x1000x1192	0x118cdaa700000000000000000000000000000000000000000000000000000000
0x49c0x1192	0x118cdaa700000000000000000000000000000000000000000000000000000000
0xd130x1192	0x118cdaa700000000000000000000000000000000000000000000000000000000
0x1000x1190	0xe0
0x49c0x1190	0xe0
0xd130x1190	0xe0
0x1000x118b	0x118cdaa7
0x49c0x118b	0x118cdaa7
0xd130x118b	0x118cdaa7
0x1000x1181	0xffffffffffffffffffffffffffffffffffffffff
0x49c0x1181	0xffffffffffffffffffffffffffffffffffffffff
0xd130x1181	0xffffffffffffffffffffffffffffffffffffffff
0x1000x1180	0x10000000000000000000000000000000000000000
0x49c0x1180	0x10000000000000000000000000000000000000000
0xd130x1180	0x10000000000000000000000000000000000000000
0x1000x117e	0xa0
0x49c0x117e	0xa0
0xd130x117e	0xa0
0x1000x117c	0x1
0x49c0x117c	0x1
0xd130x117c	0x1
0x1000x117a	0x1
0x49c0x117a	0x1
0xd130x117a	0x1
0x1000x1177	0x0
0x49c0x1177	0x0
0xd130x1177	0x0
0x1000x1174	0x0
0x49c0x1174	0x0
0xd130x1174	0x0
0x1000x1172	0x0
0x49c0x1172	0x0
0xd130x1172	0x0
0x1000x116f	0x1259
0x49c0x116f	0x1259
0xd130x116f	0x1259
0x1000x116d	0x20
0x49c0x116d	0x20
0xd130x116d	0x20
0x1000x116b	0x0
0x49c0x116b	0x0
0xd130x116b	0x0
0xde9V0x113	0x4
0xdedV0x113	0x1
0xdefV0x113	0x1
0xdf1V0x113	0xa0
0xdf3V0x113	0x10000000000000000000000000000000000000000
0xdf4V0x113	0xffffffffffffffffffffffffffffffffffffffff
0xdf9V0x113	0x1a38
0x1a39V0x113	0x0
0xde9V0x192	0x4
0xdedV0x192	0x1
0xdefV0x192	0x1
0xdf1V0x192	0xa0
0xdf3V0x192	0x10000000000000000000000000000000000000000
0xdf4V0x192	0xffffffffffffffffffffffffffffffffffffffff
0xdf9V0x192	0x1a38
0x1a39V0x192	0x0
0xde9V0x376	0x4
0xdedV0x376	0x1
0xdefV0x376	0x1
0xdf1V0x376	0xa0
0xdf3V0x376	0x10000000000000000000000000000000000000000
0xdf4V0x376	0xffffffffffffffffffffffffffffffffffffffff
0xdf9V0x376	0x1a38
0x1a39V0x376	0x0
0xe08V0x3a0	0x0
0xe0aV0x3a0	0x3
0xe0cV0x3a0	0x20
0xe0eV0x3a0	0x0
0xe14V0x3a0	0x0
0xe04V0x3a0	0x1a5b
0x1a5cV0x3a0	0x4e487b71
0x1a61V0x3a0	0xe0
0x1a63V0x3a0	0x4e487b7100000000000000000000000000000000000000000000000000000000
0x1a64V0x3a0	0x0
0x1a66V0x3a0	0x32
0x1a68V0x3a0	0x4
0x1a6bV0x3a0	0x24
0x1a6dV0x3a0	0x0
0xde9V0x426	0x4
0xdedV0x426	0x1
0xdefV0x426	0x1
0xdf1V0x426	0xa0
0xdf3V0x426	0x10000000000000000000000000000000000000000
0xdf4V0x426	0xffffffffffffffffffffffffffffffffffffffff
0xdf9V0x426	0x1a38
0x1a39V0x426	0x0
0xde9V0x45f	0x4
0xdedV0x45f	0x1
0xdefV0x45f	0x1
0xdf1V0x45f	0xa0
0xdf3V0x45f	0x10000000000000000000000000000000000000000
0xdf4V0x45f	0xffffffffffffffffffffffffffffffffffffffff
0xdf9V0x45f	0x1a38
0x1a39V0x45f	0x0
0xde9V0x518	0x4
0xdedV0x518	0x1
0xdefV0x518	0x1
0xdf1V0x518	0xa0
0xdf3V0x518	0x10000000000000000000000000000000000000000
0xdf4V0x518	0xffffffffffffffffffffffffffffffffffffffff
0xdf9V0x518	0x1a38
0x1a39V0x518	0x0
0xdd3V0xd46	0x24
0xdd7V0xd46	0x1
0xdd9V0xd46	0x1
0xddbV0xd46	0xa0
0xdddV0xd46	0x10000000000000000000000000000000000000000
0xddeV0xd46	0xffffffffffffffffffffffffffffffffffffffff
0xde3V0xd46	0x1a15
0x1a16V0xd46	0x0
0xdd3V0x199	0x24
0xdd7V0x199	0x1
0xdd9V0x199	0x1
0xddbV0x199	0xa0
0xdddV0x199	0x10000000000000000000000000000000000000000
0xddeV0x199	0xffffffffffffffffffffffffffffffffffffffff
0xde3V0x199	0x1a15
0x1a16V0x199	0x0
0xe08V0x103d	0x0
0xe0aV0x103d	0x3
0xe0cV0x103d	0x20
0xe0eV0x103d	0x0
0xe14V0x103d	0x0
0xe04V0x103d	0x1a5b
0x1a5cV0x103d	0x4e487b71
0x1a61V0x103d	0xe0
0x1a63V0x103d	0x4e487b7100000000000000000000000000000000000000000000000000000000
0x1a64V0x103d	0x0
0x1a66V0x103d	0x32
0x1a68V0x103d	0x4
0x1a6bV0x103d	0x24
0x1a6dV0x103d	0x0
0xe86V0xf83	0x40
0x1af5V0xf83	0x4e487b71
0x1afaV0xf83	0xe0
0x1afcV0xf83	0x4e487b7100000000000000000000000000000000000000000000000000000000
0x1afdV0xf83	0x0
0x1affV0xf83	0x41
0x1b01V0xf83	0x4
0x1b04V0xf83	0x24
0x1b06V0xf83	0x0
0xe6aV0xf83	0x1f
0xe6dV0xf83	0xffffffffffffffffffffffffffffffffffffffffffffffffffffffffffffffe0
0xe6fV0xf83	0x7f
0xe70V0xf83	0x60
0xe76V0xf83	0xffffffffffffffff
0xe82V0xf83	0x1af4
0x10e2V0xd4d	0x40
0x10e5V0xd4d	0x23b872dd
0x10eaV0xd4d	0xe0
0x10ecV0xd4d	0x23b872dd00000000000000000000000000000000000000000000000000000000
0x10edV0xd4d	0x0
0x10f1V0xd4d	0x1
0x10f3V0xd4d	0x1
0x10f5V0xd4d	0xa0
0x10f7V0xd4d	0x10000000000000000000000000000000000000000
0x10f8V0xd4d	0xffffffffffffffffffffffffffffffffffffffff
0x10fcV0xd4d	0x4
0x1103V0xd4d	0x24
0x1106V0xd4d	0x44
0x110cV0xd4d	0x20
0x110fV0xd4d	0x64
0x1117V0xd4d	0x1
0x1119V0xd4d	0x0
0x111fV0xd4d	0x1152
0x1154V0xd4d	0x1
0x1159V0xd4d	0x1ce8
0x1caaV0xd4d	0x5274afe7
0x1cafV0xd4d	0xe0
0x1cb1V0xd4d	0x5274afe700000000000000000000000000000000000000000000000000000000
0x1cb2V0xd4d	0x0
0x1cb6V0xd4d	0x1
0x1cb8V0xd4d	0x1
0x1cbaV0xd4d	0xa0
0x1cbcV0xd4d	0x10000000000000000000000000000000000000000
0x1cbdV0xd4d	0xffffffffffffffffffffffffffffffffffffffff
0x1cc2V0xd4d	0x4
0x1cc5V0xd4d	0x24
0x1cebV0xd4d	0x0
0x1124V0xd4d	0x40
0x1127V0xd4d	0x0
0x1128V0xd4d	0x60
0x112cV0xd4d	0x1ca9
0x1166V0xd4d	0x1123
0xe33V0xd8d	0x1a8e
0x1a8fV0xd8d	0x4e487b71
0x1a94V0xd8d	0xe0
0x1a96V0xd8d	0x4e487b7100000000000000000000000000000000000000000000000000000000
0x1a97V0xd8d	0x0
0x1a99V0xd8d	0x11
0x1a9bV0xd8d	0x4
0x1a9eV0xd8d	0x24
0x1aa0V0xd8d	0x0
0xe86V0x1016	0x40
0x1af5V0x1016	0x4e487b71
0x1afaV0x1016	0xe0
0x1afcV0x1016	0x4e487b7100000000000000000000000000000000000000000000000000000000
0x1afdV0x1016	0x0
0x1affV0x1016	0x41
0x1b01V0x1016	0x4
0x1b04V0x1016	0x24
0x1b06V0x1016	0x0
0xe6aV0x1016	0x1f
0xe6dV0x1016	0xffffffffffffffffffffffffffffffffffffffffffffffffffffffffffffffe0
0xe76V0x1016	0xffffffffffffffff
0xe82V0x1016	0x1af4
0x1c77V0x1062	0x4e487b71
0x1c7cV0x1062	0xe0
0x1c7eV0x1062	0x4e487b7100000000000000000000000000000000000000000000000000000000
0x1c7fV0x1062	0x0
0x1c81V0x1062	0x11
0x1c83V0x1062	0x4
0x1c86V0x1062	0x24
0x1c88V0x1062	0x0
0x1038V0x1062	0x1c76
0xf6aV0xfce	0x40
0xf6dV0xfce	0xf80
0xf75V0xfce	0x20
0xf7cV0xfce	0xf2d
0xf4dV0xf69V0xfce	0x1
0xf4fV0xf69V0xfce	0x1
0xf51V0xf69V0xfce	0xa0
0xf53V0xf69V0xfce	0x10000000000000000000000000000000000000000
0xf54V0xf69V0xfce	0xffffffffffffffffffffffffffffffffffffffff
0xf58V0xf69V0xfce	0x20
0xf62V0xf69V0xfce	0x1
0xf65V0xf69V0xfce	0xf3d
0xf41V0xf69V0xfce	0xf4a
0xf2fV0xf69V0xfce	0x20
0xf33V0xf69V0xfce	0x2
0xf3cV0xf69V0xfce	0x0
0xec7V0x1d9e	0x1f
0xecdV0x1d9e	0x1bd3
0xf0cV0x1d9e	0x20
0x1b8eV0x1d9e	0x0
0x1bb1V0x1d9e	0x0
0x1bd4V0x1d9e	0x0
0x1bf7V0x1d9e	0x4e487b71
0x1bfcV0x1d9e	0xe0
0x1bfeV0x1d9e	0x4e487b7100000000000000000000000000000000000000000000000000000000
0x1bffV0x1d9e	0x0
0x1c01V0x1d9e	0x41
0x1c03V0x1d9e	0x4
0x1c06V0x1d9e	0x24
0x1c08V0x1d9e	0x0
0xefcV0x1d9e	0x20
0xf08V0x1d9e	0x1c29
0x1c2aV0x1d9e	0x0
0xf22V0x1d9e	0x20
0xf29V0x1d9e	0xf10
0xf14V0x1d9e	0xf1d
0xea8V0x1d9e	0x20
0xeaeV0x1d9e	0x1b8d
0xeb3V0x1d9e	0x1f00ca7400000000000000000000000000000000000000000000000000000000
0xeb5V0x1d9e	0xffffffffffffffff
0xebfV0x1d9e	0x1
0xec0V0x1d9e	0x1bb0
0xed4V0x1d9e	0xffffffffffffffff
0xedfV0x1d9e	0x1bf6
0xee4V0x1d9e	0x5
0xee8V0x1d9e	0x20
0xeedV0x1d9e	0xef9
0xef0V0x1d9e	0x40
0xef5V0x1d9e	0xe68
0xe86V0xee3V0x1d9e	0x40
0x1af5V0xee3V0x1d9e	0x4e487b71
0x1afaV0xee3V0x1d9e	0xe0
0x1afcV0xee3V0x1d9e	0x4e487b7100000000000000000000000000000000000000000000000000000000
0x1afdV0xee3V0x1d9e	0x0
0x1affV0xee3V0x1d9e	0x41
0x1b01V0xee3V0x1d9e	0x4
0x1b04V0xee3V0x1d9e	0x24
0x1b06V0xee3V0x1d9e	0x0
0xe6aV0xee3V0x1d9e	0x1f
0xe6dV0xee3V0x1d9e	0xffffffffffffffffffffffffffffffffffffffffffffffffffffffffffffffe0
0xe76V0xee3V0x1d9e	0xffffffffffffffff
0xe82V0xee3V0x1d9e	0x1af4
0xd5arg0x0	0x0
0x12darg0x1	0x0
0x156arg0x1	0x0
0x363arg0x1	0x0
0x3dearg0x1	0x0
0x413arg0x1	0x0
0x47earg0x1	0x0
0x49carg0x1	0x0
0x505arg0x1	0x0
0x17farg0x1	0x0
0x100arg0x1	0x0
0x44carg0x1	0x0
