0x0	0x2
0x3f	0x1dac
0x60	0x1db2
0x4	0x5
0x2	0x4
0x5	0x7
0x7	0x8
0x8	0x9
0x9	0xa
0xa	0xd
0xe	0x10
0x12	0x13
0x13	0x14
0x14	0x15
0x15	0x17
0x17	0x19
0x19	0x1e
0x1e	0x1da6
0x24	0x29
0x29	0x1da8
0x2f	0x34
0x34	0x1daa
0x3a	0x3f
0x45	0x4a
0x4a	0x1dae
0x50	0x55
0x55	0x1db0
0x5b	0x60
0x66	0x6b
0x6b	0x1db4
0x71	0x76
0x76	0x1db6
0x7c	0x81
0x81	0x1db8
0x87	0x8c
0x8c	0x1dba
0x92	0x97
0x97	0x1dbc
0x9d	0xa2
0xa2	0x1dbe
0xa8	0xad
0xad	0x1dc0
0xb3	0xb8
0xb8	0x1dc2
0xbe	0xc3
0xc3	0x1dc4
0xc8	0xcd
0xcd	0x1dc6
0xd2	0xd4
0xd6	0xd7
0xd7	0xda
0xdc	0xde
0xde	0xdf
0xdf	0xe0
0xe0	0xe1
0xe1	0xe2
0xe2	0xe5
0xe6	0xe8
0xe8	0xe9
0xe9	0xeb
0xeb	0xec
0xec	0xee
0xee	0xf0
0xf0	0xf2
0xf2	0xf3
0xf3	0xf6
0xf6	0xf8
0xf9	0xfc
0x102	0x103
0x103	0x106
0x107	0x109
0x109	0x10a
0x10a	0x10c
0x10c	0x10d
0x10d	0x10e
0x10e	0x10f
0x10f	0x112
0x113	0x116
0x116	0x119
0x119	0x11c
0x11e	0x121
0x121	0x124
0x12f	0x130
0x130	0x133
0x135	0x137
0x137	0x138
0x138	0x139
0x139	0x13a
0x13a	0x13b
0x13b	0x13e
0x13f	0x141
0x141	0x142
0x142	0x144
0x144	0x145
0x145	0x147
0x147	0x149
0x149	0x14b
0x14b	0x14c
0x14c	0x14f
0x14f	0x151
0x152	0x155
0x158	0x159
0x159	0x15c
0x15e	0x160
0x160	0x161
0x161	0x162
0x162	0x163
0x163	0x164
0x164	0x167
0x168	0x16a
0x16a	0x16b
0x16b	0x16d
0x16d	0x16e
0x16e	0x170
0x170	0x172
0x172	0x174
0x174	0x175
0x175	0x178
0x178	0x17a
0x17b	0x17e
0x181	0x182
0x182	0x185
0x186	0x188
0x188	0x189
0x189	0x18b
0x18b	0x18c
0x18c	0x18d
0x18d	0x18e
0x18e	0x191
0x192	0x195
0x195	0x198
0x19a	0x19d
0x19d	0x1a0
0x1a3	0x1a5
0x1a5	0x1a6
0x1a6	0x1a8
0x1a8	0x1aa
0x1aa	0x1ac
0x1ac	0x1ad
0x1ad	0x1af
0x1af	0x1b4
0x1b4	0x1b5
0x1b5	0x1b8
0x1b9	0x1ba
0x1ba	0x1bb
0x1bb	0x1bd
0x1bd	0x1c0
0x1c0	0x1dda
0x1c2	0x1c3
0x1c3	0x1c5
0x1c5	0x1c6
0x1c7	0x1c9
0x1c9	0x1cc
0x1cc	0x1ce
0x1ce	0x1cf
0x1cf	0x1d0
0x1d0	0x1d2
0x1d2	0x1dc
0x1dc	0x1de
0x1de	0x1e1
0x1e1	0x1e4
0x1e6	0x1e8
0x1e8	0x1eb
0x1eb	0x1ee
0x1f0	0x1f3
0x1f3	0x1f6
0x1f9	0x1fc
0x1fd	0x206
0x206	0x208
0x208	0x209
0x209	0x20b
0x20b	0x20c
0x20c	0x20d
0x20d	0x20e
0x20e	0x210
0x210	0x213
0x213	0x1ddf
0x215	0x216
0x216	0x218
0x218	0x219
0x21c	0x21f
0x222	0x225
0x225	0x228
0x30a	0x314
0x314	0x315
0x315	0x316
0x316	0x320
0x320	0x321
0x321	0x322
0x322	0x323
0x323	0x325
0x325	0x328
0x328	0x1df3
0x32a	0x32b
0x32b	0x32d
0x32d	0x32e
0x330	0x331
0x331	0x334
0x336	0x33b
0x33b	0x33d
0x33d	0x33f
0x340	0x343
0x347	0x348
0x348	0x349
0x349	0x34c
0x34e	0x34f
0x34f	0x350
0x350	0x353
0x353	0x356
0x35b	0x35e
0x365	0x366
0x366	0x369
0x36a	0x36c
0x36c	0x36d
0x36d	0x36f
0x36f	0x370
0x370	0x371
0x371	0x372
0x372	0x375
0x376	0x379
0x379	0x37c
0x37e	0x380
0x380	0x382
0x382	0x384
0x384	0x385
0x385	0x386
0x386	0x388
0x389	0x38d
0x38e	0x391
0x391	0x393
0x393	0x394
0x394	0x396
0x396	0x39a
0x39a	0x39b
0x39b	0x39c
0x39c	0x39f
0x3a0	0x3a5
0x3a5	0x3a8
0x3ac	0x3ad
0x3ad	0x3b0
0x3b0	0x3b2
0x3b2	0x3b5
0x3b5	0x3b6
0x3b6	0x3b8
0x3b8	0x3b9
0x3b9	0x3ba
0x3ba	0x3bc
0x3bc	0x3c1
0x3c1	0x3c7
0x3c7	0x3ca
0x3ca	0x3cd
0x3ce	0x3d1
0x3d1	0x3d2
0x3d3	0x3d4
0x3d7	0x3d9
0x3e0	0x3e1
0x3e1	0x3e4
0x3e6	0x3e8
0x3e8	0x3e9
0x3e9	0x3ea
0x3ea	0x3eb
0x3eb	0x3ec
0x3ec	0x3ef
0x3f0	0x3f1
0x3f1	0x3f2
0x3f2	0x3f4
0x3f4	0x3f7
0x3f7	0x1dfe
0x3f9	0x3fa
0x3fa	0x3fc
0x3fc	0x3fd
0x3fe	0x3ff
0x3ff	0x401
0x401	0x402
0x402	0x404
0x404	0x406
0x406	0x408
0x408	0x409
0x409	0x40c
0x40c	0x40e
0x40f	0x412
0x415	0x416
0x416	0x419
0x41a	0x41c
0x41c	0x41d
0x41d	0x41f
0x41f	0x420
0x420	0x421
0x421	0x422
0x422	0x425
0x426	0x429
0x429	0x42c
0x42c	0x42e
0x42e	0x430
0x430	0x432
0x432	0x433
0x433	0x434
0x434	0x437
0x437	0x43a
0x43c	0x43e
0x43f	0x442
0x443	0x444
0x444	0x445
0x445	0x447
0x447	0x44a
0x44e	0x44f
0x44f	0x452
0x453	0x455
0x455	0x456
0x456	0x458
0x458	0x459
0x459	0x45a
0x45a	0x45b
0x45b	0x45e
0x45f	0x461
0x461	0x464
0x464	0x467
0x467	0x46a
0x46c	0x46e
0x46e	0x470
0x470	0x473
0x475	0x477
0x477	0x479
0x479	0x47a
0x47a	0x47c
0x480	0x481
0x481	0x484
0x486	0x488
0x488	0x489
0x489	0x48a
0x48a	0x48b
0x48b	0x48c
0x48c	0x48f
0x490	0x492
0x492	0x494
0x494	0x495
0x495	0x497
0x497	0x49a
0x49e	0x49f
0x49f	0x4a2
0x4a4	0x4a6
0x4a6	0x4a7
0x4a7	0x4a8
0x4a8	0x4a9
0x4a9	0x4aa
0x4aa	0x4ad
0x4ae	0x4b1
0x4b1	0x4b4
0x507	0x508
0x508	0x50b
0x50c	0x50e
0x50e	0x50f
0x50f	0x511
0x511	0x512
0x512	0x513
0x513	0x514
0x514	0x517
0x518	0x51b
0x51b	0x51e
0x51e	0x520
0x520	0x522
0x522	0x524
0x524	0x525
0x525	0x526
0x526	0x529
0x529	0x52c
0x52e	0x530
0x534	0x535
0x535	0x536
0x536	0x538
0x538	0x53b
0x53f	0x540
0x540	0x543
0x544	0x546
0x546	0x547
0x547	0x549
0x549	0x54a
0x54a	0x54b
0x54b	0x54c
0x54c	0x54f
0x550	0x552
0x552	0x553
0x553	0x556
0x556	0x559
0xaf1	0xaf2
0xaf2	0xaf5
0xaf6	0xaf8
0xaf8	0xaf9
0xaf9	0xafb
0xafb	0xafc
0xafc	0xafd
0xafd	0xafe
0xafe	0xb01
0xb02	0xb04
0xb04	0xb05
0xb05	0xb08
0xb08	0xb0b
0xcee	0xcef
0xcef	0xcf2
0xcf3	0xcf5
0xcf5	0xcf6
0xcf6	0xcf8
0xcf8	0xcf9
0xcf9	0xcfa
0xcfa	0xcfb
0xcfb	0xcfe
0xcff	0xd01
0xd01	0xd04
0xd04	0xd06
0xd06	0xd07
0xd07	0xd0a
0xd0c	0xd0e
0xd0e	0xd11
0xd14	0xd15
0xd15	0xd18
0xd19	0xd1b
0xd1b	0xd1c
0xd1c	0xd1e
0xd1e	0xd1f
0xd1f	0xd20
0xd20	0xd21
0xd21	0xd24
0xd25	0xd28
0xd28	0xd2b
0xd35	0xd36
0xd36	0xd39
0xd3a	0xd3c
0xd3c	0xd3d
0xd3d	0xd3f
0xd3f	0xd40
0xd40	0xd41
0xd41	0xd42
0xd42	0xd45
0xd46	0xd49
0xd49	0xd4c
0xd4e	0xd6f
0xd6f	0xd72
0xd72	0xd74
0xd74	0xd76
0xd76	0xd7a
0xd7a	0xd7d
0xd7d	0xd7f
0xd7f	0xd80
0xd80	0xd81
0xd81	0xd83
0xd83	0xd84
0xd84	0xd85
0xd85	0xd87
0xd87	0xd89
0xd89	0xd8c
0xd8e	0xd91
0xd91	0xd93
0xd93	0xd94
0xd94	0xd95
0xd95	0xd98
0xd98	0xd99
0xd9a	0xd9c
0xd9c	0xd9e
0xd9f	0xda1
0xda1	0xda2
0xda2	0xda3
0xda3	0xda8
0xda8	0xda9
0xda9	0xdac
0xdb0	0xdb3
0xdb3	0xdb6
0xdb7	0xdb9
0xdb9	0xdba
0xdba	0xdbd
0xdbd	0xdbe
0xdbf	0xdc2
0xdc2	0xdc3
0xdc7	0xdca
0xdca	0xdcc
0xdce	0xdd0
0xe8c	0xe8d
0xe8d	0xe8e
0xe8e	0xe91
0xe92	0xe94
0xe94	0xe96
0xe99	0xe9a
0xe9a	0xe9c
0xe9c	0xe9d
0xe9d	0xe9e
0xe9e	0xea1
0xea2	0xea4
0xea4	0xea6
0xf84	0xf85
0xf85	0xf89
0xf89	0xf8b
0xf8b	0xf8d
0xf8d	0xf90
0xf90	0xf93
0xf93	0xf96
0xf98	0xf9b
0xf9c	0xf9e
0xf9e	0xf9f
0xf9f	0xfa2
0xfa2	0xfa3
0xfa4	0xfa6
0xfa6	0xfa7
0xfa7	0xfa9
0xfa9	0xfab
0xfab	0xfad
0xfad	0xfae
0xfae	0xfaf
0xfaf	0xfb0
0xfb0	0xfb4
0xfb4	0xfb7
0xfba	0xfbc
0xfbc	0xfbd
0xfbd	0xfbf
0xfbf	0xfc1
0xfc1	0xfc3
0xfc3	0xfc4
0xfc4	0xfc5
0xfc5	0xfc6
0xfc6	0xfca
0xfca	0xfcd
0xfd0	0xfd3
0xfd3	0xfd5
0xfd5	0xfd6
0xfd6	0xfd7
0xfd7	0xfd9
0xfd9	0xfda
0xfda	0xfdc
0xfdc	0xfde
0xfde	0xfe5
0xfe5	0xfea
0xfea	0xfec
0xfec	0xfee
0xfef	0xff2
0xff2	0xff3
0xff3	0xff6
0xff8	0xffa
0xffa	0xffb
0xffb	0xffd
0xffd	0xffe
0xffe	0x1001
0x1002	0x1006
0x1006	0x1008
0x1008	0x100b
0x100e	0x1011
0x1013	0x1015
0x1017	0x101c
0x101c	0x101e
0x101e	0x1020
0x1021	0x1026
0x1026	0x1029
0x102b	0x102c
0x102c	0x102f
0x103f	0x1041
0x1041	0x1044
0x1044	0x1048
0x1048	0x104a
0x104a	0x104c
0x104c	0x104f
0x104f	0x1051
0x1051	0x1052
0x1052	0x1053
0x1053	0x1054
0x1054	0x1055
0x1056	0x1057
0x1057	0x1059
0x105a	0x105c
0x105c	0x105d
0x105d	0x105e
0x105e	0x1061
0x1064	0x1065
0x1065	0x1066
0x1066	0x1067
0x1067	0x106a
0x106c	0x106d
0x106d	0x106f
0x122e	0x1230
0x1230	0x1231
0x1231	0x1232
0x1232	0x1234
0x1234	0x1237
0x1237	0x1e44
0x1239	0x123a
0x123a	0x123c
0x123c	0x123d
0x123e	0x123f
0x123f	0x1241
0x1241	0x1242
0x1242	0x1243
0x1243	0x1244
0x1244	0x1247
0x124a	0x124f
0x124f	0x1251
0x1251	0x1252
0x1252	0x1253
0x1254	0x1256
0x1256	0x1257
0x1637	0x1639
0x165a	0x165c
0x1867	0x1869
0x188a	0x188c
0x1944	0x1946
0x1967	0x1969
0x198a	0x198c
0x19ad	0x19af
0x19d0	0x19d2
0x19f3	0x19f5
0x1b28	0x1b2d
0x1b2d	0x1b2f
0x1b2f	0x1b30
0x1b30	0x1b31
0x1b32	0x1b34
0x1b34	0x1b36
0x1b37	0x1b39
0x1b39	0x1b3a
0x1b5b	0x1b60
0x1b60	0x1b62
0x1b62	0x1b63
0x1b63	0x1b64
0x1b65	0x1b67
0x1b67	0x1b69
0x1b6a	0x1b6c
0x1b6c	0x1b6d
0x1c4d	0x1c4f
0x1c4f	0x1c50
0x1c50	0x1c51
0x1c51	0x1c53
0x1c54	0x1c56
0x1da0	0x1da2
0x1da2	0x1da5
0x1da6	0x1da7
0x1da8	0x1da9
0x1daa	0x1dab
0x1dac	0x1dad
0x1dae	0x1daf
0x1db0	0x1db1
0x1db2	0x1db3
0x1db4	0x1db5
0x1db6	0x1db7
0x1db8	0x1db9
0x1dba	0x1dbb
0x1dbc	0x1dbd
0x1dbe	0x1dbf
0x1dc0	0x1dc1
0x1dc2	0x1dc3
0x1dc4	0x1dc5
0x1dc6	0x1dc7
0x1dc9	0x1dca
0x1dcc	0x1dcd
0x1dcf	0x1dd0
0x1dd2	0x1dd3
0x1dd5	0x1dd6
0x1dda	0x1c2
0x1ddf	0x215
0x1df3	0x32a
0x1df6	0x1df7
0x1df9	0x1dfa
0x1dfe	0x3f9
0x1e01	0x1e02
0x1e04	0x1e05
0x1e07	0x1e08
0x1e0a	0x1e0b
0x1e12	0x1e13
0x1e15	0x1e16
0x1e1d	0x1e1e
0x1e25	0x1e26
0x1e28	0x1e29
0x1e2b	0x1e2c
0x1e44	0x1239
0x11b00x53d	0x11b30x53d
0x11b00xaf0	0x11b30xaf0
0x11850x100	0x11880x100
0x11850x49c	0x11880x49c
0x11850xd13	0x11880xd13
0x1e3f0x53d	0x11bf0x53d
0x1e3f0xaf0	0x11bf0xaf0
0x1e3a0x53d	0x11a90x53d
0x1e3a0xaf0	0x11a90xaf0
0x1e350x100	0x11740x100
0x1e350x49c	0x11740x49c
0x1e350xd13	0x11740xd13
0x11d30x53d	0x11d40x53d
0x11d30xaf0	0x11d40xaf0
0x11d10x53d	0x11d30x53d
0x11d10xaf0	0x11d30xaf0
0x11cf0x53d	0x11d00x53d
0x11cf0xaf0	0x11d00xaf0
0x11ce0x53d	0x11cf0x53d
0x11ce0xaf0	0x11cf0xaf0
0x11cc0x53d	0x11ce0x53d
0x11cc0xaf0	0x11ce0xaf0
0x11c70x53d	0x11cc0x53d
0x11c70xaf0	0x11cc0xaf0
0x11c20x53d	0x11c30x53d
0x11c20xaf0	0x11c30xaf0
0x11c00x53d	0x11c20x53d
0x11c00xaf0	0x11c20xaf0
0x11bf0x53d	0x11c00x53d
0x11bf0xaf0	0x11c00xaf0
0x11bd0x53d	0x1e3f0x53d
0x11bd0xaf0	0x1e3f0xaf0
0x11ba0x53d	0x11bd0x53d
0x11ba0xaf0	0x11bd0xaf0
0x11b80x53d	0x11ba0x53d
0x11b80xaf0	0x11ba0xaf0
0x11b70x53d	0x11b80x53d
0x11b70xaf0	0x11b80xaf0
0x11b60x53d	0x11b70x53d
0x11b60xaf0	0x11b70xaf0
0x11b40x53d	0x11b60x53d
0x11b40xaf0	0x11b60xaf0
0x11af0x53d	0x11b00x53d
0x11af0xaf0	0x11b00xaf0
0x11ae0x53d	0x11af0x53d
0x11ae0xaf0	0x11af0xaf0
0x11ac0x53d	0x11ad0x53d
0x11ac0xaf0	0x11ad0xaf0
0x11aa0x53d	0x11ac0x53d
0x11aa0xaf0	0x11ac0xaf0
0x11a90x53d	0x11aa0x53d
0x11a90xaf0	0x11aa0xaf0
0x11a70x53d	0x1e3a0x53d
0x11a70xaf0	0x1e3a0xaf0
0x11a40x53d	0x11a70x53d
0x11a40xaf0	0x11a70xaf0
0x11a20x53d	0x11a40x53d
0x11a20xaf0	0x11a40xaf0
0x11a10x53d	0x11a20x53d
0x11a10xaf0	0x11a20xaf0
0x11a00x53d	0x11a10x53d
0x11a00xaf0	0x11a10xaf0
0x119e0x53d	0x11a00x53d
0x119e0xaf0	0x11a00xaf0
0x119b0x100	0x119c0x100
0x119b0x49c	0x119c0x49c
0x119b0xd13	0x119c0xd13
0x11990x100	0x119b0x100
0x11990x49c	0x119b0x49c
0x11990xd13	0x119b0xd13
0x11960x100	0x11980x100
0x11960x49c	0x11980x49c
0x11960xd13	0x11980xd13
0x11950x100	0x11960x100
0x11950x49c	0x11960x49c
0x11950xd13	0x11960xd13
0x11930x100	0x11940x100
0x11930x49c	0x11940x49c
0x11930xd13	0x11940xd13
0x11920x100	0x11930x100
0x11920x49c	0x11930x49c
0x11920xd13	0x11930xd13
0x11900x100	0x11920x100
0x11900x49c	0x11920x49c
0x11900xd13	0x11920xd13
0x118b0x100	0x11900x100
0x118b0x49c	0x11900x49c
0x118b0xd13	0x11900xd13
0x11840x100	0x11850x100
0x11840x49c	0x11850x49c
0x11840xd13	0x11850xd13
0x11830x100	0x11840x100
0x11830x49c	0x11840x49c
0x11830xd13	0x11840xd13
0x11820x100	0x11830x100
0x11820x49c	0x11830x49c
0x11820xd13	0x11830xd13
0x11810x100	0x11820x100
0x11810x49c	0x11820x49c
0x11810xd13	0x11820xd13
0x11800x100	0x11810x100
0x11800x49c	0x11810x49c
0x11800xd13	0x11810xd13
0x117e0x100	0x11800x100
0x117e0x49c	0x11800x49c
0x117e0xd13	0x11800xd13
0x117c0x100	0x117e0x100
0x117c0x49c	0x117e0x49c
0x117c0xd13	0x117e0xd13
0x117a0x100	0x117c0x100
0x117a0x49c	0x117c0x49c
0x117a0xd13	0x117c0xd13
0x11790x100	0x117a0x100
0x11790x49c	0x117a0x49c
0x11790xd13	0x117a0xd13
0x11770x100	0x11780x100
0x11770x49c	0x11780x49c
0x11770xd13	0x11780xd13
0x11750x100	0x11770x100
0x11750x49c	0x11770x49c
0x11750xd13	0x11770xd13
0x11740x100	0x11750x100
0x11740x49c	0x11750x49c
0x11740xd13	0x11750xd13
0x11720x100	0x1e350x100
0x11720x49c	0x1e350x49c
0x11720xd13	0x1e350xd13
0x116f0x100	0x11720x100
0x116f0x49c	0x11720x49c
0x116f0xd13	0x11720xd13
0x116d0x100	0x116f0x100
0x116d0x49c	0x116f0x49c
0x116d0xd13	0x116f0xd13
0x116c0x100	0x116d0x100
0x116c0x49c	0x116d0x49c
0x116c0xd13	0x116d0xd13
0x116b0x100	0x116c0x100
0x116b0x49c	0x116c0x49c
0x116b0xd13	0x116c0xd13
0xde9S0x113	0xdebS0x113
0xdebS0x113	0xdedS0x113
0xdedS0x113	0xdefS0x113
0xdefS0x113	0xdf1S0x113
0xdf1S0x113	0xdf3S0x113
0xdf3S0x113	0xdf4S0x113
0xdf4S0x113	0xdf6S0x113
0xdf6S0x113	0xdf8S0x113
0xdf8S0x113	0xdf9S0x113
0xdf9S0x113	0xdfcS0x113
0x1a39S0x113	0x1a3bS0x113
0xde9S0x192	0xdebS0x192
0xdebS0x192	0xdedS0x192
0xdedS0x192	0xdefS0x192
0xdefS0x192	0xdf1S0x192
0xdf1S0x192	0xdf3S0x192
0xdf3S0x192	0xdf4S0x192
0xdf4S0x192	0xdf6S0x192
0xdf6S0x192	0xdf8S0x192
0xdf8S0x192	0xdf9S0x192
0xdf9S0x192	0xdfcS0x192
0x1a39S0x192	0x1a3bS0x192
0xde9S0x376	0xdebS0x376
0xdebS0x376	0xdedS0x376
0xdedS0x376	0xdefS0x376
0xdefS0x376	0xdf1S0x376
0xdf1S0x376	0xdf3S0x376
0xdf3S0x376	0xdf4S0x376
0xdf4S0x376	0xdf6S0x376
0xdf6S0x376	0xdf8S0x376
0xdf8S0x376	0xdf9S0x376
0xdf9S0x376	0xdfcS0x376
0x1a39S0x376	0x1a3bS0x376
0xe08S0x3a0	0xe09S0x3a0
0xe0aS0x3a0	0xe0cS0x3a0
0xe0cS0x3a0	0xe0eS0x3a0
0xe0eS0x3a0	0xe0fS0x3a0
0xe0fS0x3a0	0xe11S0x3a0
0xe11S0x3a0	0xe12S0x3a0
0xe12S0x3a0	0xe14S0x3a0
0xe14S0x3a0	0xe16S0x3a0
0xe00S0x3a0	0xe02S0x3a0
0xe02S0x3a0	0xe03S0x3a0
0xe03S0x3a0	0xe04S0x3a0
0xe04S0x3a0	0xe07S0x3a0
0x1a5cS0x3a0	0x1a61S0x3a0
0x1a61S0x3a0	0x1a63S0x3a0
0x1a63S0x3a0	0x1a64S0x3a0
0x1a64S0x3a0	0x1a65S0x3a0
0x1a66S0x3a0	0x1a68S0x3a0
0x1a68S0x3a0	0x1a6aS0x3a0
0x1a6bS0x3a0	0x1a6dS0x3a0
0x1a6dS0x3a0	0x1a6eS0x3a0
0xde9S0x426	0xdebS0x426
0xdebS0x426	0xdedS0x426
0xdedS0x426	0xdefS0x426
0xdefS0x426	0xdf1S0x426
0xdf1S0x426	0xdf3S0x426
0xdf3S0x426	0xdf4S0x426
0xdf4S0x426	0xdf6S0x426
0xdf6S0x426	0xdf8S0x426
0xdf8S0x426	0xdf9S0x426
0xdf9S0x426	0xdfcS0x426
0x1a39S0x426	0x1a3bS0x426
0xde9S0x45f	0xdebS0x45f
0xdebS0x45f	0xdedS0x45f
0xdedS0x45f	0xdefS0x45f
0xdefS0x45f	0xdf1S0x45f
0xdf1S0x45f	0xdf3S0x45f
0xdf3S0x45f	0xdf4S0x45f
0xdf4S0x45f	0xdf6S0x45f
0xdf6S0x45f	0xdf8S0x45f
0xdf8S0x45f	0xdf9S0x45f
0xdf9S0x45f	0xdfcS0x45f
0x1a39S0x45f	0x1a3bS0x45f
0xde9S0x518	0xdebS0x518
0xdebS0x518	0xdedS0x518
0xdedS0x518	0xdefS0x518
0xdefS0x518	0xdf1S0x518
0xdf1S0x518	0xdf3S0x518
0xdf3S0x518	0xdf4S0x518
0xdf4S0x518	0xdf6S0x518
0xdf6S0x518	0xdf8S0x518
0xdf8S0x518	0xdf9S0x518
0xdf9S0x518	0xdfcS0x518
0x1a39S0x518	0x1a3bS0x518
0xdd3S0xd46	0xdd5S0xd46
0xdd5S0xd46	0xdd7S0xd46
0xdd7S0xd46	0xdd9S0xd46
0xdd9S0xd46	0xddbS0xd46
0xddbS0xd46	0xdddS0xd46
0xdddS0xd46	0xddeS0xd46
0xddeS0xd46	0xde0S0xd46
0xde0S0xd46	0xde2S0xd46
0xde2S0xd46	0xde3S0xd46
0xde3S0xd46	0xde6S0xd46
0x1a16S0xd46	0x1a18S0xd46
0xdd3S0x199	0xdd5S0x199
0xdd5S0x199	0xdd7S0x199
0xdd7S0x199	0xdd9S0x199
0xdd9S0x199	0xddbS0x199
0xddbS0x199	0xdddS0x199
0xdddS0x199	0xddeS0x199
0xddeS0x199	0xde0S0x199
0xde0S0x199	0xde2S0x199
0xde2S0x199	0xde3S0x199
0xde3S0x199	0xde6S0x199
0x1a16S0x199	0x1a18S0x199
0xe08S0x103d	0xe09S0x103d
0xe0aS0x103d	0xe0cS0x103d
0xe0cS0x103d	0xe0eS0x103d
0xe0eS0x103d	0xe0fS0x103d
0xe0fS0x103d	0xe11S0x103d
0xe11S0x103d	0xe12S0x103d
0xe12S0x103d	0xe14S0x103d
0xe14S0x103d	0xe16S0x103d
0xe00S0x103d	0xe02S0x103d
0xe02S0x103d	0xe03S0x103d
0xe03S0x103d	0xe04S0x103d
0xe04S0x103d	0xe07S0x103d
0x1a5cS0x103d	0x1a61S0x103d
0x1a61S0x103d	0x1a63S0x103d
0x1a63S0x103d	0x1a64S0x103d
0x1a64S0x103d	0x1a65S0x103d
0x1a66S0x103d	0x1a68S0x103d
0x1a68S0x103d	0x1a6aS0x103d
0x1a6bS0x103d	0x1a6dS0x103d
0x1a6dS0x103d	0x1a6eS0x103d
0xe86S0xf83	0xe88S0xf83
0x1af5S0xf83	0x1afaS0xf83
0x1afaS0xf83	0x1afcS0xf83
0x1afcS0xf83	0x1afdS0xf83
0x1afdS0xf83	0x1afeS0xf83
0x1affS0xf83	0x1b01S0xf83
0x1b01S0xf83	0x1b03S0xf83
0x1b04S0xf83	0x1b06S0xf83
0x1b06S0xf83	0x1b07S0xf83
0xe6aS0xf83	0xe6dS0xf83
0xe6dS0xf83	0xe6fS0xf83
0xe6fS0xf83	0xe70S0xf83
0xe70S0xf83	0xe72S0xf83
0xe72S0xf83	0xe75S0xf83
0xe75S0xf83	0xe76S0xf83
0xe76S0xf83	0xe80S0xf83
0xe80S0xf83	0xe81S0xf83
0xe81S0xf83	0xe82S0xf83
0xe82S0xf83	0xe85S0xf83
0x10e2S0xd4d	0x10e4S0xd4d
0x10e4S0xd4d	0x10e5S0xd4d
0x10e5S0xd4d	0x10eaS0xd4d
0x10eaS0xd4d	0x10ecS0xd4d
0x10ecS0xd4d	0x10edS0xd4d
0x10edS0xd4d	0x10f0S0xd4d
0x10f1S0xd4d	0x10f3S0xd4d
0x10f3S0xd4d	0x10f5S0xd4d
0x10f5S0xd4d	0x10f7S0xd4d
0x10f7S0xd4d	0x10f8S0xd4d
0x10f8S0xd4d	0x10fbS0xd4d
0x10fbS0xd4d	0x10fcS0xd4d
0x10fcS0xd4d	0x10feS0xd4d
0x1102S0xd4d	0x1103S0xd4d
0x1103S0xd4d	0x1105S0xd4d
0x1106S0xd4d	0x110bS0xd4d
0x110cS0xd4d	0x110fS0xd4d
0x110fS0xd4d	0x1114S0xd4d
0x1114S0xd4d	0x1115S0xd4d
0x1115S0xd4d	0x1117S0xd4d
0x1117S0xd4d	0x1119S0xd4d
0x1119S0xd4d	0x111aS0xd4d
0x111aS0xd4d	0x111bS0xd4d
0x111bS0xd4d	0x111dS0xd4d
0x111dS0xd4d	0x111eS0xd4d
0x111eS0xd4d	0x111fS0xd4d
0x111fS0xd4d	0x1122S0xd4d
0x1154S0xd4d	0x1157S0xd4d
0x1157S0xd4d	0x1158S0xd4d
0x1158S0xd4d	0x1159S0xd4d
0x1159S0xd4d	0x115cS0xd4d
0x1caaS0xd4d	0x1cafS0xd4d
0x1cafS0xd4d	0x1cb1S0xd4d
0x1cb1S0xd4d	0x1cb2S0xd4d
0x1cb2S0xd4d	0x1cb5S0xd4d
0x1cb6S0xd4d	0x1cb8S0xd4d
0x1cb8S0xd4d	0x1cbaS0xd4d
0x1cbaS0xd4d	0x1cbcS0xd4d
0x1cbcS0xd4d	0x1cbdS0xd4d
0x1cbdS0xd4d	0x1cc1S0xd4d
0x1cc1S0xd4d	0x1cc2S0xd4d
0x1cc2S0xd4d	0x1cc4S0xd4d
0x1cc5S0xd4d	0x1cc8S0xd4d
0x1ceaS0xd4d	0x1cebS0xd4d
0x1cebS0xd4d	0x1cedS0xd4d
0x1ceeS0xd4d	0x1cf0S0xd4d
0x1124S0xd4d	0x1126S0xd4d
0x1127S0xd4d	0x1128S0xd4d
0x1128S0xd4d	0x112aS0xd4d
0x112bS0xd4d	0x112cS0xd4d
0x112cS0xd4d	0x112fS0xd4d
0x115eS0xd4d	0x115fS0xd4d
0x115fS0xd4d	0x1160S0xd4d
0x1160S0xd4d	0x1161S0xd4d
0x1161S0xd4d	0x1162S0xd4d
0x1162S0xd4d	0x1163S0xd4d
0x1163S0xd4d	0x1164S0xd4d
0x1164S0xd4d	0x1166S0xd4d
0x1166S0xd4d	0x1169S0xd4d
0xe2fS0xd8d	0xe32S0xd8d
0xe32S0xd8d	0xe33S0xd8d
0xe33S0xd8d	0xe36S0xd8d
0x1a8fS0xd8d	0x1a94S0xd8d
0x1a94S0xd8d	0x1a96S0xd8d
0x1a96S0xd8d	0x1a97S0xd8d
0x1a97S0xd8d	0x1a98S0xd8d
0x1a99S0xd8d	0x1a9bS0xd8d
0x1a9bS0xd8d	0x1a9dS0xd8d
0x1a9eS0xd8d	0x1aa0S0xd8d
0x1aa0S0xd8d	0x1aa1S0xd8d
0xe86S0x1016	0xe88S0x1016
0x1af5S0x1016	0x1afaS0x1016
0x1afaS0x1016	0x1afcS0x1016
0x1afcS0x1016	0x1afdS0x1016
0x1afdS0x1016	0x1afeS0x1016
0x1affS0x1016	0x1b01S0x1016
0x1b01S0x1016	0x1b03S0x1016
0x1b04S0x1016	0x1b06S0x1016
0x1b06S0x1016	0x1b07S0x1016
0xe6aS0x1016	0xe6dS0x1016
0xe6dS0x1016	0xe6fS0x1016
0xe6fS0x1016	0xe70S0x1016
0xe70S0x1016	0xe72S0x1016
0xe72S0x1016	0xe75S0x1016
0xe75S0x1016	0xe76S0x1016
0xe76S0x1016	0xe80S0x1016
0xe80S0x1016	0xe81S0x1016
0xe81S0x1016	0xe82S0x1016
0xe82S0x1016	0xe85S0x1016
0x1c77S0x1062	0x1c7cS0x1062
0x1c7cS0x1062	0x1c7eS0x1062
0x1c7eS0x1062	0x1c7fS0x1062
0x1c7fS0x1062	0x1c80S0x1062
0x1c81S0x1062	0x1c83S0x1062
0x1c83S0x1062	0x1c85S0x1062
0x1c86S0x1062	0x1c88S0x1062
0x1c88S0x1062	0x1c89S0x1062
0x1034S0x1062	0x1037S0x1062
0x1037S0x1062	0x1038S0x1062
0x1038S0x1062	0x103bS0x1062
0xf6aS0xfce	0xf6dS0xfce
0xf6dS0xfce	0xf73S0xfce
0xf75S0xfce	0xf78S0xfce
0xf78S0xfce	0xf79S0xfce
0xf7aS0xfce	0xf7cS0xfce
0xf7cS0xfce	0xf7fS0xfce
0xf4cS0xf69S0xfce	0xf4dS0xf69S0xfce
0xf4dS0xf69S0xfce	0xf4fS0xf69S0xfce
0xf4fS0xf69S0xfce	0xf51S0xf69S0xfce
0xf51S0xf69S0xfce	0xf53S0xf69S0xfce
0xf53S0xf69S0xfce	0xf54S0xf69S0xfce
0xf54S0xf69S0xfce	0xf55S0xf69S0xfce
0xf55S0xf69S0xfce	0xf57S0xf69S0xfce
0xf58S0xf69S0xfce	0xf5cS0xf69S0xfce
0xf5cS0xf69S0xfce	0xf60S0xf69S0xfce
0xf60S0xf69S0xfce	0xf62S0xf69S0xfce
0xf62S0xf69S0xfce	0xf64S0xf69S0xfce
0xf64S0xf69S0xfce	0xf65S0xf69S0xfce
0xf65S0xf69S0xfce	0xf68S0xf69S0xfce
0xf40S0xf69S0xfce	0xf41S0xf69S0xfce
0xf41S0xf69S0xfce	0xf44S0xf69S0xfce
0xf2fS0xf69S0xfce	0xf33S0xf69S0xfce
0xf33S0xf69S0xfce	0xf37S0xf69S0xfce
0xf38S0xf69S0xfce	0xf3aS0xf69S0xfce
0xf3aS0xf69S0xfce	0xf3cS0xf69S0xfce
0xf3cS0xf69S0xfce	0xf40S0xf69S0xfce
0xec4S0x1d9e	0xec7S0x1d9e
0xec7S0x1d9e	0xecaS0x1d9e
0xecaS0x1d9e	0xecbS0x1d9e
0xecbS0x1d9e	0xeccS0x1d9e
0xeccS0x1d9e	0xecdS0x1d9e
0xecdS0x1d9e	0xed0S0x1d9e
0xf0cS0x1d9e	0xf0eS0x1d9e
0xf0eS0x1d9e	0xf13S0x1d9e
0x1b8eS0x1d9e	0x1b90S0x1d9e
0x1bb1S0x1d9e	0x1bb3S0x1d9e
0x1bd4S0x1d9e	0x1bd6S0x1d9e
0x1bf7S0x1d9e	0x1bfcS0x1d9e
0x1bfcS0x1d9e	0x1bfeS0x1d9e
0x1bfeS0x1d9e	0x1bffS0x1d9e
0x1bffS0x1d9e	0x1c00S0x1d9e
0x1c01S0x1d9e	0x1c03S0x1d9e
0x1c03S0x1d9e	0x1c05S0x1d9e
0x1c06S0x1d9e	0x1c08S0x1d9e
0x1c08S0x1d9e	0x1c09S0x1d9e
0xefcS0x1d9e	0xf00S0x1d9e
0xf00S0x1d9e	0xf03S0x1d9e
0xf03S0x1d9e	0xf04S0x1d9e
0xf04S0x1d9e	0xf07S0x1d9e
0xf07S0x1d9e	0xf08S0x1d9e
0xf08S0x1d9e	0xf0bS0x1d9e
0x1c2aS0x1d9e	0x1c2cS0x1d9e
0xf1fS0x1d9e	0xf21S0x1d9e
0xf22S0x1d9e	0xf26S0x1d9e
0xf26S0x1d9e	0xf28S0x1d9e
0xf28S0x1d9e	0xf29S0x1d9e
0xf29S0x1d9e	0xf2cS0x1d9e
0xf13S0x1d9e	0xf14S0x1d9e
0xf14S0x1d9e	0xf17S0x1d9e
0xea8S0x1d9e	0xeacS0x1d9e
0xeacS0x1d9e	0xeadS0x1d9e
0xeadS0x1d9e	0xeaeS0x1d9e
0xeaeS0x1d9e	0xeb1S0x1d9e
0xeb3S0x1d9e	0xeb5S0x1d9e
0xeb5S0x1d9e	0xebfS0x1d9e
0xebfS0x1d9e	0xec0S0x1d9e
0xec0S0x1d9e	0xec3S0x1d9e
0xed2S0x1d9e	0xed4S0x1d9e
0xed4S0x1d9e	0xedeS0x1d9e
0xedeS0x1d9e	0xedfS0x1d9e
0xedfS0x1d9e	0xee2S0x1d9e
0xee4S0x1d9e	0xee6S0x1d9e
0xee6S0x1d9e	0xee8S0x1d9e
0xee8S0x1d9e	0xeebS0x1d9e
0xeebS0x1d9e	0xeedS0x1d9e
0xeedS0x1d9e	0xef0S0x1d9e
0xef0S0x1d9e	0xef2S0x1d9e
0xef2S0x1d9e	0xef5S0x1d9e
0xef5S0x1d9e	0xef8S0x1d9e
0xe86S0xee3S0x1d9e	0xe88S0xee3S0x1d9e
0x1af5S0xee3S0x1d9e	0x1afaS0xee3S0x1d9e
0x1afaS0xee3S0x1d9e	0x1afcS0xee3S0x1d9e
0x1afcS0xee3S0x1d9e	0x1afdS0xee3S0x1d9e
0x1afdS0xee3S0x1d9e	0x1afeS0xee3S0x1d9e
0x1affS0xee3S0x1d9e	0x1b01S0xee3S0x1d9e
0x1b01S0xee3S0x1d9e	0x1b03S0xee3S0x1d9e
0x1b04S0xee3S0x1d9e	0x1b06S0xee3S0x1d9e
0x1b06S0xee3S0x1d9e	0x1b07S0xee3S0x1d9e
0xe6aS0xee3S0x1d9e	0xe6dS0xee3S0x1d9e
0xe6dS0xee3S0x1d9e	0xe6fS0xee3S0x1d9e
0xe6fS0xee3S0x1d9e	0xe70S0xee3S0x1d9e
0xe70S0xee3S0x1d9e	0xe72S0xee3S0x1d9e
0xe72S0xee3S0x1d9e	0xe75S0xee3S0x1d9e
0xe75S0xee3S0x1d9e	0xe76S0xee3S0x1d9e
0xe76S0xee3S0x1d9e	0xe80S0xee3S0x1d9e
0xe80S0xee3S0x1d9e	0xe81S0xee3S0x1d9e
0xe81S0xee3S0x1d9e	0xe82S0xee3S0x1d9e
0xe82S0xee3S0x1d9e	0xe85S0xee3S0x1d9e
0x1da5	0xea8S0x1d9e
0xff6	0xf6aS0xfce
0x1a0	0xdd3S0x199
0xd4c	0xdd3S0xd46
0x11c	0xde9S0x113
0x198	0xde9S0x192
0x37c	0xde9S0x376
0x43a	0xde9S0x426
0x46a	0xde9S0x45f
0x52c	0xde9S0x518
0x3a8	0xe00S0x3a0
0x1061	0xe00S0x103d
0xdac	0xe2fS0xd8d
0x106a	0x1034S0x1062
0x334	0x336
0x34c	0x34e
0x356	0x35b
0x35e	0x362
0x3d5	0x3d7
0x473	0x475
0xd0a	0xd0c
0xdcc	0xdce
0xe96	0xe99
0xfb7	0xfb9
0xfcd	0xfcf
0x1011	0x1013
0x1015	0x1017
0x1248	0x124a
0x11890x100	0x118b0x100
0x11890x49c	0x118b0x49c
0x11890xd13	0x118b0xd13
0x11c50x53d	0x11c70x53d
0x11c50xaf0	0x11c70xaf0
0xd	0xe
0xda	0xdc
0xe5	0xe6
0x106	0x107
0x112	0x113
0x133	0x135
0x13e	0x13f
0x15c	0x15e
0x167	0x168
0x185	0x186
0x191	0x192
0x1b8	0x1b9
0x1e4	0x1e6
0x1ee	0x1f0
0x1f6	0x1f9
0x1fc	0x1fd
0x21f	0x222
0x369	0x36a
0x375	0x376
0x39f	0x3a0
0x3e4	0x3e6
0x3ef	0x3f0
0x419	0x41a
0x425	0x426
0x452	0x453
0x45e	0x45f
0x484	0x486
0x48f	0x490
0x4a2	0x4a4
0x4ad	0x4ae
0x50b	0x50c
0x517	0x518
0x543	0x544
0x54f	0x550
0xaf5	0xaf6
0xb01	0xb02
0xcf2	0xcf3
0xcfe	0xcff
0xd18	0xd19
0xd24	0xd25
0xd39	0xd3a
0xd45	0xd46
0xe91	0xe92
0xea1	0xea2
0x1001	0x1002
0x100b	0x100e
0x1247	0x1248
0x1da7	0x24
0x1da9	0x2f
0x1dab	0x3a
0x1dad	0x45
0x1daf	0x50
0x1db1	0x5b
0x1db3	0x66
0x1db5	0x71
0x1db7	0x7c
0x1db9	0x87
0x1dbb	0x92
0x1dbd	0x9d
0x1dbf	0xa8
0x1dc1	0xb3
0x1dc3	0xbe
0x1dc5	0xc8
0x1dc7	0xd2
0x11880x100	0x11890x100
0x11880x49c	0x11890x49c
0x11880xd13	0x11890xd13
0x11b30x53d	0x11b40x53d
0x11b30xaf0	0x11b40xaf0
0x3d9	0x3dd
0x10	0x12
0xd4	0x1dc9
0x343	0x347
0x1308	0x132a
0x134c	0x136e
0x1390	0x13b2
0x13d4	0x13f6
0x1418	0x143a
0x145c	0x147e
0x14a0	0x14c2
0x14e4	0x1506
0x1528	0x154a
0x156c	0x158e
0x15b0	0x15d2
0x15f4	0x1616
0x1639	0x165a
0x1869	0x188a
0x1946	0x1967
0x198c	0x19ad
0x19d2	0x19f3
0x1b3a	0x1b5b
0xfa3	0xfa4
0xf8	0xf9
0x151	0x152
0x17a	0x17b
0x1c6	0x1c7
0x219	0x21a
0x32e	0x32f
0x33f	0x340
0x388	0x389
0x38d	0x38e
0x3cd	0x3ce
0x3d2	0x3d3
0x3d4	0x3d5
0x3fd	0x3fe
0x40e	0x40f
0x43e	0x43f
0x442	0x443
0x44a	0x44b
0x47c	0x47d
0x49a	0x49b
0x530	0x533
0x533	0x534
0x53b	0x53c
0xd11	0xd12
0xd99	0xd9a
0xd9e	0xd9f
0xdb6	0xdb7
0xdbe	0xdbf
0xdc3	0xdc7
0xf9b	0xf9c
0xfb9	0xfba
0xfcf	0xfd0
0xfee	0xfef
0x1055	0x1056
0x1059	0x105a
0x123d	0x123e
0x1253	0x1254
0x1b31	0x1b32
0x1b36	0x1b37
0x1b64	0x1b65
0x1b69	0x1b6a
0x11780x100	0x11790x100
0x11780x49c	0x11790x49c
0x11780xd13	0x11790xd13
0x11940x100	0x11950x100
0x11980x100	0x11990x100
0x11940x49c	0x11950x49c
0x11980x49c	0x11990x49c
0x11940xd13	0x11950xd13
0x11980xd13	0x11990xd13
0x11ad0x53d	0x11ae0x53d
0x11ad0xaf0	0x11ae0xaf0
0x11c30x53d	0x11c40x53d
0x11c30xaf0	0x11c40xaf0
0x11d00x53d	0x11d10x53d
0x11d00xaf0	0x11d10xaf0
0x21a	0x21c
0x32f	0x330
0xdaf	0xdb0
0x11c40x53d	0x11c50x53d
0x11c40xaf0	0x11c50xaf0
0xdd0	0xdd1
0x1020	0x1021
0x1c53	0x1c54
0xd8c	0x10e2S0xd4d
0xf96	0xe6aS0xf83
0x1029	0xe6aS0x1016
0xdfdS0x113	0x11e
0xdfcS0x113	0xdfdS0x113
0xdfdS0x192	0x19a
0xdfcS0x192	0xdfdS0x192
0xdfdS0x376	0x37e
0xdfcS0x376	0xdfdS0x376
0xe09S0x3a0	0xe0aS0x3a0
0xe16S0x3a0	0x3ac
0xe07S0x3a0	0xe08S0x3a0
0x1a65S0x3a0	0x1a66S0x3a0
0x1a6aS0x3a0	0x1a6bS0x3a0
0xdfdS0x426	0x43c
0xdfcS0x426	0xdfdS0x426
0xdfdS0x45f	0x46c
0xdfcS0x45f	0xdfdS0x45f
0xdfdS0x518	0x52e
0xdfcS0x518	0xdfdS0x518
0xde7S0xd46	0xd4e
0xde6S0xd46	0xde7S0xd46
0xde7S0x199	0x1a3
0xde6S0x199	0xde7S0x199
0xe09S0x103d	0xe0aS0x103d
0xe16S0x103d	0x1064
0xe07S0x103d	0xe08S0x103d
0x1a65S0x103d	0x1a66S0x103d
0x1a6aS0x103d	0x1a6bS0x103d
0xe88S0xf83	0xe89S0xf83
0x1afeS0xf83	0x1affS0xf83
0x1b03S0xf83	0x1b04S0xf83
0xe85S0xf83	0xe86S0xf83
0x1122S0xd4d	0x1124S0xd4d
0x10f0S0xd4d	0x10f1S0xd4d
0x10feS0xd4d	0x1102S0xd4d
0x1105S0xd4d	0x1106S0xd4d
0x110bS0xd4d	0x110cS0xd4d
0x115cS0xd4d	0x115eS0xd4d
0x1cc8S0xd4d	0x1ceaS0xd4d
0x1cb5S0xd4d	0x1cb6S0xd4d
0x1cc4S0xd4d	0x1cc5S0xd4d
0x1cedS0xd4d	0x1ceeS0xd4d
0x112fS0xd4d	0x1131S0xd4d
0x1126S0xd4d	0x1127S0xd4d
0x112aS0xd4d	0x112bS0xd4d
0xe37S0xd8d	0xdaf
0xe36S0xd8d	0xe37S0xd8d
0x1a98S0xd8d	0x1a99S0xd8d
0x1a9dS0xd8d	0x1a9eS0xd8d
0xe88S0x1016	0xe89S0x1016
0x1afeS0x1016	0x1affS0x1016
0x1b03S0x1016	0x1b04S0x1016
0xe85S0x1016	0xe86S0x1016
0x103cS0x1062	0x106c
0x1c80S0x1062	0x1c81S0x1062
0x1c85S0x1062	0x1c86S0x1062
0x103bS0x1062	0x103cS0x1062
0xf82S0xfce	0xff8
0xf7fS0xfce	0xf2fS0xf69S0xfce
0xf73S0xfce	0xf75S0xfce
0xf79S0xfce	0xf7aS0xfce
0xf57S0xf69S0xfce	0xf58S0xf69S0xfce
0xf44S0xf69S0xfce	0xf49S0xf69S0xfce
0xf37S0xf69S0xfce	0xf38S0xf69S0xfce
0xf49S0xf69S0xfce	0xf4cS0xf69S0xfce
0xf49S0xf69S0xfce	0xf82S0xfce
0xed0S0x1d9e	0xed2S0x1d9e
0x1b90S0x1d9e	0x1bb1S0x1d9e
0x1bb3S0x1d9e	0x1bd4S0x1d9e
0x1bd6S0x1d9e	0x1bf7S0x1d9e
0x1c09S0x1d9e	0x1c2aS0x1d9e
0x1c00S0x1d9e	0x1c01S0x1d9e
0x1c05S0x1d9e	0x1c06S0x1d9e
0xf0bS0x1d9e	0xf0cS0x1d9e
0xefbS0x1d9e	0xefcS0x1d9e
0xf21S0x1d9e	0xf22S0x1d9e
0xf17S0x1d9e	0xf1cS0x1d9e
0xeb1S0x1d9e	0xeb3S0x1d9e
0xec3S0x1d9e	0xec4S0x1d9e
0xee2S0x1d9e	0xee4S0x1d9e
0xef8S0x1d9e	0xe6aS0xee3S0x1d9e
0xf1cS0x1d9e	0xf1fS0x1d9e
0xe88S0xee3S0x1d9e	0xe89S0xee3S0x1d9e
0x1afeS0xee3S0x1d9e	0x1affS0xee3S0x1d9e
0x1b03S0xee3S0x1d9e	0x1b04S0xee3S0x1d9e
0xe85S0xee3S0x1d9e	0xe86S0xee3S0x1d9e
