0x40	0x39
0x0	0x0
0x3f	0x39
0x60	0x5a
0x1f	0x11
0x4	0x0
0xf	0xe
0x2	0x0
0x5	0x0
0x7	0x0
0x8	0x0
0x9	0x0
0xa	0x0
0xe	0xe
0x12	0x11
0x13	0x11
0x14	0x11
0x15	0x11
0x17	0x11
0x19	0x11
0x1e	0x11
0x24	0x23
0x29	0x23
0x2f	0x2e
0x34	0x2e
0x3a	0x39
0x45	0x44
0x4a	0x44
0x50	0x4f
0x55	0x4f
0x5b	0x5a
0x66	0x65
0x6b	0x65
0x71	0x70
0x76	0x70
0x7c	0x7b
0x81	0x7b
0x87	0x86
0x8c	0x86
0x92	0x91
0x97	0x91
0x9d	0x9c
0xa2	0x9c
0xa8	0xa7
0xad	0xa7
0xb3	0xb2
0xb8	0xb2
0xbe	0xbd
0xc3	0xbd
0xc8	0xc8
0xcd	0xc8
0xd2	0xd2
0xd6	0xd5
0xd7	0xd5
0xdc	0xdb
0xde	0xdb
0xdf	0xdb
0xe0	0xdb
0xe1	0xdb
0xe2	0xdb
0xe6	0xe6
0xe8	0xe6
0xe9	0xe6
0xeb	0xe6
0xec	0xe6
0xee	0xe6
0xf0	0xe6
0xf2	0xe6
0xf3	0xe6
0xf6	0xe6
0xf9	0xe6
0x102	0x100
0x103	0x100
0x107	0x107
0x109	0x107
0x10a	0x107
0x10c	0x107
0x10d	0x107
0x10e	0x107
0x10f	0x107
0x113	0x113
0x116	0x113
0x119	0x113
0x11e	0x11d
0x121	0x11d
0x12f	0x12d
0x130	0x12d
0x135	0x134
0x137	0x134
0x138	0x134
0x139	0x134
0x13a	0x134
0x13b	0x134
0x13f	0x13f
0x141	0x13f
0x142	0x13f
0x144	0x13f
0x145	0x13f
0x147	0x13f
0x149	0x13f
0x14b	0x13f
0x14c	0x13f
0x14f	0x13f
0x152	0x13f
0x158	0x156
0x159	0x156
0x15e	0x15d
0x160	0x15d
0x161	0x15d
0x162	0x15d
0x163	0x15d
0x164	0x15d
0x168	0x168
0x16a	0x168
0x16b	0x168
0x16d	0x168
0x16e	0x168
0x170	0x168
0x172	0x168
0x174	0x168
0x175	0x168
0x178	0x168
0x17b	0x168
0x181	0x17f
0x182	0x17f
0x186	0x186
0x188	0x186
0x189	0x186
0x18b	0x186
0x18c	0x186
0x18d	0x186
0x18e	0x186
0x192	0x192
0x195	0x192
0x19a	0x199
0x19d	0x199
0x1a3	0x1a1
0x1a5	0x1a1
0x1a6	0x1a1
0x1a8	0x1a1
0x1aa	0x1a1
0x1ac	0x1a1
0x1ad	0x1a1
0x1af	0x1a1
0x1b4	0x1a1
0x1b5	0x1a1
0x1b9	0x1b9
0x1ba	0x1b9
0x1bb	0x1b9
0x1bd	0x1b9
0x1c0	0x1b9
0x1c2	0x1b9
0x1c3	0x1b9
0x1c5	0x1b9
0x1c7	0x1b9
0x1c9	0x1b9
0x1cc	0x1b9
0x1ce	0x1b9
0x1cf	0x1b9
0x1d0	0x1b9
0x1d2	0x1b9
0x1dc	0x1b9
0x1de	0x1b9
0x1e1	0x1b9
0x1e6	0x1e5
0x1e8	0x1e5
0x1eb	0x1e5
0x1f0	0x1ef
0x1f3	0x1ef
0x1f9	0x1f7
0x1fd	0x1fd
0x206	0x1fd
0x208	0x1fd
0x209	0x1fd
0x20b	0x1fd
0x20c	0x1fd
0x20d	0x1fd
0x20e	0x1fd
0x210	0x1fd
0x213	0x1fd
0x215	0x1fd
0x216	0x1fd
0x218	0x1fd
0x21c	0x1fd
0x222	0x220
0x225	0x220
0x30a	0x309
0x314	0x309
0x315	0x309
0x316	0x309
0x320	0x309
0x321	0x309
0x322	0x309
0x323	0x309
0x325	0x309
0x328	0x309
0x32a	0x309
0x32b	0x309
0x32d	0x309
0x330	0x309
0x331	0x309
0x336	0x335
0x33b	0x335
0x33d	0x335
0x340	0x335
0x347	0x344
0x348	0x344
0x349	0x344
0x34e	0x34d
0x34f	0x34d
0x350	0x34d
0x353	0x34d
0x35b	0x357
0x365	0x363
0x366	0x363
0x36a	0x36a
0x36c	0x36a
0x36d	0x36a
0x36f	0x36a
0x370	0x36a
0x371	0x36a
0x372	0x36a
0x376	0x376
0x379	0x376
0x37e	0x37d
0x380	0x37d
0x382	0x37d
0x384	0x37d
0x385	0x37d
0x386	0x37d
0x389	0x37d
0x38e	0x37d
0x391	0x37d
0x393	0x37d
0x394	0x37d
0x396	0x37d
0x39a	0x37d
0x39b	0x37d
0x39c	0x37d
0x3a0	0x3a0
0x3a5	0x3a0
0x3ac	0x3a9
0x3ad	0x3a9
0x3b0	0x3a9
0x3b2	0x3a9
0x3b5	0x3a9
0x3b6	0x3a9
0x3b8	0x3a9
0x3b9	0x3a9
0x3ba	0x3a9
0x3bc	0x3a9
0x3c1	0x3a9
0x3c7	0x3a9
0x3ca	0x3a9
0x3ce	0x3a9
0x3d1	0x3a9
0x3d3	0x3a9
0x3d7	0x3d6
0x3e0	0x3de
0x3e1	0x3de
0x3e6	0x3e5
0x3e8	0x3e5
0x3e9	0x3e5
0x3ea	0x3e5
0x3eb	0x3e5
0x3ec	0x3e5
0x3f0	0x3f0
0x3f1	0x3f0
0x3f2	0x3f0
0x3f4	0x3f0
0x3f7	0x3f0
0x3f9	0x3f0
0x3fa	0x3f0
0x3fc	0x3f0
0x3fe	0x3f0
0x3ff	0x3f0
0x401	0x3f0
0x402	0x3f0
0x404	0x3f0
0x406	0x3f0
0x408	0x3f0
0x409	0x3f0
0x40c	0x3f0
0x40f	0x3f0
0x415	0x413
0x416	0x413
0x41a	0x41a
0x41c	0x41a
0x41d	0x41a
0x41f	0x41a
0x420	0x41a
0x421	0x41a
0x422	0x41a
0x426	0x426
0x429	0x426
0x42c	0x426
0x42e	0x426
0x430	0x426
0x432	0x426
0x433	0x426
0x434	0x426
0x437	0x426
0x43c	0x43b
0x43f	0x43b
0x443	0x43b
0x444	0x43b
0x445	0x43b
0x447	0x43b
0x44e	0x44c
0x44f	0x44c
0x453	0x453
0x455	0x453
0x456	0x453
0x458	0x453
0x459	0x453
0x45a	0x453
0x45b	0x453
0x45f	0x45f
0x461	0x45f
0x464	0x45f
0x467	0x45f
0x46c	0x46b
0x46e	0x46b
0x470	0x46b
0x475	0x474
0x477	0x474
0x479	0x474
0x47a	0x474
0x480	0x47e
0x481	0x47e
0x486	0x485
0x488	0x485
0x489	0x485
0x48a	0x485
0x48b	0x485
0x48c	0x485
0x490	0x490
0x492	0x490
0x494	0x490
0x495	0x490
0x497	0x490
0x49e	0x49c
0x49f	0x49c
0x4a4	0x4a3
0x4a6	0x4a3
0x4a7	0x4a3
0x4a8	0x4a3
0x4a9	0x4a3
0x4aa	0x4a3
0x4ae	0x4ae
0x4b1	0x4ae
0x507	0x505
0x508	0x505
0x50c	0x50c
0x50e	0x50c
0x50f	0x50c
0x511	0x50c
0x512	0x50c
0x513	0x50c
0x514	0x50c
0x518	0x518
0x51b	0x518
0x51e	0x518
0x520	0x518
0x522	0x518
0x524	0x518
0x525	0x518
0x526	0x518
0x529	0x518
0x52e	0x52d
0x534	0x52d
0x535	0x52d
0x536	0x52d
0x538	0x52d
0x53f	0x53d
0x540	0x53d
0x544	0x544
0x546	0x544
0x547	0x544
0x549	0x544
0x54a	0x544
0x54b	0x544
0x54c	0x544
0x550	0x550
0x552	0x550
0x553	0x550
0x556	0x550
0xaf1	0xaf0
0xaf2	0xaf0
0xaf6	0xaf6
0xaf8	0xaf6
0xaf9	0xaf6
0xafb	0xaf6
0xafc	0xaf6
0xafd	0xaf6
0xafe	0xaf6
0xb02	0xb02
0xb04	0xb02
0xb05	0xb02
0xb08	0xb02
0xcee	0xced
0xcef	0xced
0xcf3	0xcf3
0xcf5	0xcf3
0xcf6	0xcf3
0xcf8	0xcf3
0xcf9	0xcf3
0xcfa	0xcf3
0xcfb	0xcf3
0xcff	0xcff
0xd01	0xcff
0xd04	0xcff
0xd06	0xcff
0xd07	0xcff
0xd0c	0xd0b
0xd0e	0xd0b
0xd14	0xd13
0xd15	0xd13
0xd19	0xd19
0xd1b	0xd19
0xd1c	0xd19
0xd1e	0xd19
0xd1f	0xd19
0xd20	0xd19
0xd21	0xd19
0xd25	0xd25
0xd28	0xd25
0xd35	0xd34
0xd36	0xd34
0xd3a	0xd3a
0xd3c	0xd3a
0xd3d	0xd3a
0xd3f	0xd3a
0xd40	0xd3a
0xd41	0xd3a
0xd42	0xd3a
0xd46	0xd46
0xd49	0xd46
0xd4e	0xd4d
0xd6f	0xd4d
0xd72	0xd4d
0xd74	0xd4d
0xd76	0xd4d
0xd7a	0xd4d
0xd7d	0xd4d
0xd7f	0xd4d
0xd80	0xd4d
0xd81	0xd4d
0xd83	0xd4d
0xd84	0xd4d
0xd85	0xd4d
0xd87	0xd4d
0xd89	0xd4d
0xd8e	0xd8d
0xd91	0xd8d
0xd93	0xd8d
0xd94	0xd8d
0xd95	0xd8d
0xd98	0xd8d
0xd9a	0xd8d
0xd9c	0xd8d
0xd9f	0xd8d
0xda1	0xd8d
0xda2	0xd8d
0xda3	0xd8d
0xda8	0xd8d
0xda9	0xd8d
0xdb0	0xdad
0xdb3	0xdad
0xdb7	0xdad
0xdb9	0xdad
0xdba	0xdad
0xdbd	0xdad
0xdbf	0xdad
0xdc2	0xdad
0xdc7	0xdad
0xdca	0xdad
0xdce	0xdcd
0xe8c	0xe8a
0xe8d	0xe8a
0xe8e	0xe8a
0xe92	0xe92
0xe94	0xe92
0xe99	0xe97
0xe9a	0xe97
0xe9c	0xe97
0xe9d	0xe97
0xe9e	0xe97
0xea2	0xea2
0xea4	0xea2
0xf84	0xf83
0xf85	0xf83
0xf89	0xf83
0xf8b	0xf83
0xf8d	0xf83
0xf90	0xf83
0xf93	0xf83
0xf98	0xf97
0xf9c	0xf97
0xf9e	0xf97
0xf9f	0xf97
0xfa2	0xf97
0xfa4	0xf97
0xfa6	0xf97
0xfa7	0xf97
0xfa9	0xf97
0xfab	0xf97
0xfad	0xf97
0xfae	0xf97
0xfaf	0xf97
0xfb0	0xf97
0xfb4	0xf97
0xfba	0xfb8
0xfbc	0xfb8
0xfbd	0xfb8
0xfbf	0xfb8
0xfc1	0xfb8
0xfc3	0xfb8
0xfc4	0xfb8
0xfc5	0xfb8
0xfc6	0xfb8
0xfca	0xfb8
0xfd0	0xfce
0xfd3	0xfce
0xfd5	0xfce
0xfd6	0xfce
0xfd7	0xfce
0xfd9	0xfce
0xfda	0xfce
0xfdc	0xfce
0xfde	0xfce
0xfe5	0xfce
0xfea	0xfce
0xfec	0xfce
0xfef	0xfce
0xff2	0xfce
0xff3	0xfce
0xff8	0xff7
0xffa	0xff7
0xffb	0xff7
0xffd	0xff7
0xffe	0xff7
0x1002	0x1002
0x1006	0x1002
0x1008	0x1002
0x100e	0x100c
0x1013	0x1012
0x1017	0x1016
0x101c	0x1016
0x101e	0x1016
0x1021	0x1016
0x1026	0x1016
0x102b	0x102a
0x102c	0x102a
0x103f	0x103d
0x1041	0x103d
0x1044	0x103d
0x1048	0x103d
0x104a	0x103d
0x104c	0x103d
0x104f	0x103d
0x1051	0x103d
0x1052	0x103d
0x1053	0x103d
0x1054	0x103d
0x1056	0x103d
0x1057	0x103d
0x105a	0x103d
0x105c	0x103d
0x105d	0x103d
0x105e	0x103d
0x1064	0x1062
0x1065	0x1062
0x1066	0x1062
0x1067	0x1062
0x106c	0x106b
0x106d	0x106b
0x122e	0x122d
0x1230	0x122d
0x1231	0x122d
0x1232	0x122d
0x1234	0x122d
0x1237	0x122d
0x1239	0x122d
0x123a	0x122d
0x123c	0x122d
0x123e	0x122d
0x123f	0x122d
0x1241	0x122d
0x1242	0x122d
0x1243	0x122d
0x1244	0x122d
0x124a	0x1249
0x124f	0x1249
0x1251	0x1249
0x1252	0x1249
0x1254	0x1249
0x1256	0x1249
0x1637	0x1636
0x165a	0x1659
0x1867	0x1866
0x188a	0x1889
0x1944	0x1943
0x1967	0x1966
0x198a	0x1989
0x19ad	0x19ac
0x19d0	0x19cf
0x19f3	0x19f2
0x1b28	0x1b27
0x1b2d	0x1b27
0x1b2f	0x1b27
0x1b30	0x1b27
0x1b32	0x1b27
0x1b34	0x1b27
0x1b37	0x1b27
0x1b39	0x1b27
0x1b5b	0x1b5a
0x1b60	0x1b5a
0x1b62	0x1b5a
0x1b63	0x1b5a
0x1b65	0x1b5a
0x1b67	0x1b5a
0x1b6a	0x1b5a
0x1b6c	0x1b5a
0x1c4d	0x1c4c
0x1c4f	0x1c4c
0x1c50	0x1c4c
0x1c51	0x1c4c
0x1c54	0x1c4c
0x1da0	0x1d9e
0x1da2	0x1d9e
0x1da5	0x1d9e
0xff6	0xfce
0x1a0	0x199
0xd4c	0xd46
0x11c	0x113
0x198	0x192
0x37c	0x376
0x43a	0x426
0x46a	0x45f
0x52c	0x518
0x3a8	0x3a0
0x1061	0x103d
0xdac	0xd8d
0x106a	0x1062
0x124	0x11d
0x228	0x220
0x334	0x309
0x34c	0x344
0x356	0x34d
0x35e	0x357
0x3d5	0x3a9
0x473	0x46b
0x4b4	0x4ae
0x559	0x550
0xb0b	0xb02
0xd0a	0xcff
0xd2b	0xd25
0xdcc	0xdad
0xe96	0xe92
0xea6	0xea2
0xfb7	0xf97
0xfcd	0xfb8
0x1011	0x100c
0x1015	0x1012
0x102f	0x102a
0x106f	0x106b
0x1248	0x1248
0xdd1	0xdcd
0xd	0x0
0xda	0xd5
0xe5	0xdb
0x106	0x100
0x112	0x107
0x133	0x12d
0x13e	0x134
0x15c	0x156
0x167	0x15d
0x185	0x17f
0x191	0x186
0x1b8	0x1a1
0x1e4	0x1b9
0x1ee	0x1e5
0x1f6	0x1ef
0x1fc	0x1f7
0x21f	0x1fd
0x369	0x363
0x375	0x36a
0x39f	0x37d
0x3e4	0x3de
0x3ef	0x3e5
0x419	0x413
0x425	0x41a
0x452	0x44c
0x45e	0x453
0x484	0x47e
0x48f	0x485
0x4a2	0x49c
0x4ad	0x4a3
0x50b	0x505
0x517	0x50c
0x543	0x53d
0x54f	0x544
0xaf5	0xaf0
0xb01	0xaf6
0xcf2	0xced
0xcfe	0xcf3
0xd18	0xd13
0xd24	0xd19
0xd39	0xd34
0xd45	0xd3a
0xe91	0xe8a
0xea1	0xe97
0x1001	0xff7
0x100b	0x1002
0x1247	0x122d
0xfc	0xe6
0x155	0x13f
0x17e	0x168
0x3d9	0x3d6
0x412	0x3f0
0x44b	0x43b
0x47d	0x474
0x49b	0x490
0x53c	0x52d
0xd12	0xd0b
0x10	0xe
0xd4	0xd2
0x343	0x335
0x362	0x35f
0x3dd	0x3da
0x1257	0x1249
0x1308	0x1306
0x132a	0x1328
0x134c	0x134a
0x136e	0x136c
0x1390	0x138e
0x13b2	0x13b0
0x13d4	0x13d2
0x13f6	0x13f4
0x1418	0x1416
0x143a	0x1438
0x145c	0x145a
0x147e	0x147c
0x14a0	0x149e
0x14c2	0x14c0
0x14e4	0x14e2
0x1506	0x1504
0x1528	0x1526
0x154a	0x1548
0x156c	0x156a
0x158e	0x158c
0x15b0	0x15ae
0x15d2	0x15d0
0x15f4	0x15f2
0x1616	0x1614
0x1639	0x1636
0x165c	0x1659
0x1869	0x1866
0x188c	0x1889
0x1946	0x1943
0x1969	0x1966
0x198c	0x1989
0x19af	0x19ac
0x19d2	0x19cf
0x19f5	0x19f2
0x1b3a	0x1b27
0x1b6d	0x1b5a
0x1c56	0x1c4c
0xfa3	0xf97
0xf8	0xe6
0x151	0x13f
0x17a	0x168
0x1c6	0x1b9
0x219	0x1fd
0x32e	0x309
0x33f	0x335
0x388	0x37d
0x38d	0x37d
0x3cd	0x3a9
0x3d2	0x3a9
0x3d4	0x3a9
0x3fd	0x3f0
0x40e	0x3f0
0x43e	0x43b
0x442	0x43b
0x44a	0x43b
0x47c	0x474
0x49a	0x490
0x530	0x52d
0x533	0x52d
0x53b	0x52d
0xd11	0xd0b
0xd99	0xd8d
0xd9e	0xd8d
0xdb6	0xdad
0xdbe	0xdad
0xdc3	0xdad
0xf9b	0xf97
0xfb9	0xfb8
0xfcf	0xfce
0xfee	0xfce
0x1055	0x103d
0x1059	0x103d
0x123d	0x122d
0x1253	0x1249
0x1b31	0x1b27
0x1b36	0x1b27
0x1b64	0x1b5a
0x1b69	0x1b5a
0x21a	0x1fd
0x32f	0x309
0xdaf	0xdad
0xdd0	0xdcd
0x1020	0x1016
0x1c53	0x1c4c
0xd8c	0xd4d
0xf96	0xf83
0x1029	0x1016
0x11	0x11
0x1306	0x1306
0x1328	0x1328
0x134a	0x134a
0x136c	0x136c
0x11d	0x11d
0xde8	0xde8B0x113
0xde8	0xde8B0x192
0xde8	0xde8B0x376
0xde8	0xde8B0x426
0xde8	0xde8B0x45f
0xde8	0xde8B0x518
0x116a	0x116a0x100
0x116a	0x116a0x49c
0x116a	0x116a0xd13
0x138e	0x138e
0x13b0	0x13b0
0x13d2	0x13d2
0x13f4	0x13f4
0x1416	0x1416
0x1438	0x1438
0x199	0x199
0x1a1	0x1a1
0xdd2	0xdd2B0xd46
0xdd2	0xdd2B0x199
0x44	0x44
0x35f	0x35f
0x357	0x357
0x34d	0x34d
0x344	0x344
0x335	0x335
0x309	0x309
0x122d	0x122d
0x220	0x220
0x1f7	0x1f7
0x1ef	0x1ef
0x1e5	0x1e5
0x145a	0x145a
0x147c	0x147c
0x37d	0x37d
0x3da	0x3da
0x3a9	0x3a9
0xdfe	0xdfeB0x3a0
0xdfe	0xdfeB0x103d
0x3d6	0x3d6
0x149e	0x149e
0x14c0	0x14c0
0x14e2	0x14e2
0x1504	0x1504
0x43b	0x43b
0x1526	0x1526
0x1548	0x1548
0x474	0x474
0x46b	0x46b
0x103d	0x103d
0x156a	0x156a
0x158c	0x158c
0x15ae	0x15ae
0x15d0	0x15d0
0x15f2	0x15f2
0x1614	0x1614
0x52d	0x52d
0x1636	0x1636
0x1659	0x1659
0x119d	0x119d0x53d
0x119d	0x119d0xaf0
0x1866	0x1866
0x1889	0x1889
0x1943	0x1943
0x1966	0x1966
0xd0b	0xd0b
0xf83	0xf83
0x1989	0x1989
0x19ac	0x19ac
0x19cf	0x19cf
0x19f2	0x19f2
0xd4d	0xd4d
0xdcd	0xdcd
0xd8d	0xd8d
0x10e1	0x10e1B0xd4d
0xdad	0xdad
0xe2b	0xe2bB0xd8d
0x1b27	0x1b27
0x1b5a	0x1b5a
0xff7	0xff7
0xf97	0xf97
0xe68	0xe68B0xf83
0xe68	0xe68B0x1016
0xe68	0xe68B0xee3B0x1d9e
0xfb8	0xfb8
0xe8a	0xe8a
0xfce	0xfce
0xe97	0xe97
0xf69	0xf69B0xfce
0x1c4c	0x1c4c
0x1012	0x1012
0x1016	0x1016
0x102a	0x102a
0x1d9e	0x1d9e
0x100c	0x100c
0x1062	0x1062
0x106b	0x106b
0x1030	0x1030B0x1062
0x1249	0x1249
0xea7	0xea7B0x1d9e
0xd5	0xd5
0x100	0x100
0x12d	0x12d
0x156	0x156
0x17f	0x17f
0x363	0x363
0x3de	0x3de
0x413	0x413
0x44c	0x44c
0x47e	0x47e
0x49c	0x49c
0x505	0x505
0x53d	0x53d
0xaf0	0xaf0
0xced	0xced
0xd13	0xd13
0xd34	0xd34
0x11c6	0x11c60x53d
0x11c6	0x11c60xaf0
0x118a	0x118a0x100
0x118a	0x118a0x49c
0x118a	0x118a0xd13
0x1a38	0x1a38B0x113
0x1a38	0x1a38B0x192
0x1a38	0x1a38B0x376
0x1a38	0x1a38B0x426
0x1a38	0x1a38B0x45f
0x1a38	0x1a38B0x518
0x1a5b	0x1a5bB0x3a0
0x1a5b	0x1a5bB0x103d
0x1a15	0x1a15B0xd46
0x1a15	0x1a15B0x199
0x1af4	0x1af4B0xf83
0x1af4	0x1af4B0x1016
0x1af4	0x1af4B0xee3B0x1d9e
0x64	0x5a
0x1152	0x1152B0xd4d
0x1ce8	0x1ce8B0xd4d
0x1ca9	0x1ca9B0xd4d
0x1123	0x1123B0xd4d
0x1a8e	0x1a8eB0xd8d
0x1c76	0x1c76B0x1062
0xf80	0xf80B0xfce
0xf2d	0xf2dB0xf69B0xfce
0xf3d	0xf3dB0xf69B0xfce
0xf4a	0xf4aB0xf69B0xfce
0x1bd3	0x1bd3B0x1d9e
0x1c29	0x1c29B0x1d9e
0xf10	0xf10B0x1d9e
0xf1d	0xf1dB0x1d9e
0x1b8d	0x1b8dB0x1d9e
0x1bb0	0x1bb0B0x1d9e
0x1bf6	0x1bf6B0x1d9e
0xef9	0xef9B0x1d9e
0x39	0x39
0x5a	0x5a
0x23	0x23
0x2e	0x2e
0x4f	0x4f
0x65	0x65
0x70	0x70
0x7b	0x7b
0x86	0x86
0x91	0x91
0x9c	0x9c
0xa7	0xa7
0xb2	0xb2
0xbd	0xbd
0xdb	0xdb
0x134	0x134
0x15d	0x15d
0x3e5	0x3e5
0x485	0x485
0x4a3	0x4a3
0xea8	0xea7B0x1d9e
0xeac	0xea7B0x1d9e
0xead	0xea7B0x1d9e
0xeae	0xea7B0x1d9e
0xeb3	0xeb2B0x1d9e
0xeb5	0xeb2B0x1d9e
0xebf	0xeb2B0x1d9e
0xec0	0xeb2B0x1d9e
0xec4	0xec4B0x1d9e
0xec7	0xec4B0x1d9e
0xeca	0xec4B0x1d9e
0xecb	0xec4B0x1d9e
0xecc	0xec4B0x1d9e
0xecd	0xec4B0x1d9e
0xed2	0xed1B0x1d9e
0xed4	0xed1B0x1d9e
0xede	0xed1B0x1d9e
0xedf	0xed1B0x1d9e
0xee4	0xee3B0x1d9e
0xee6	0xee3B0x1d9e
0xee8	0xee3B0x1d9e
0xeeb	0xee3B0x1d9e
0xeed	0xee3B0x1d9e
0xef0	0xee3B0x1d9e
0xef2	0xee3B0x1d9e
0xef5	0xee3B0x1d9e
0xefc	0xef9B0x1d9e
0xf00	0xef9B0x1d9e
0xf03	0xef9B0x1d9e
0xf04	0xef9B0x1d9e
0xf07	0xef9B0x1d9e
0xf08	0xef9B0x1d9e
0xf0c	0xf0cB0x1d9e
0xf0e	0xf0cB0x1d9e
0xf13	0xf10B0x1d9e
0xf14	0xf10B0x1d9e
0xf1f	0xf1dB0x1d9e
0xf22	0xf1dB0x1d9e
0xf26	0xf1dB0x1d9e
0xf28	0xf1dB0x1d9e
0xf29	0xf1dB0x1d9e
0xf6a	0xf69B0xfce
0xf6d	0xf69B0xfce
0xf75	0xf69B0xfce
0xf78	0xf69B0xfce
0xf7a	0xf69B0xfce
0xf7c	0xf69B0xfce
0x1b8e	0x1b8dB0x1d9e
0x1bb1	0x1bb0B0x1d9e
0x1bd4	0x1bd3B0x1d9e
0x1bf7	0x1bf6B0x1d9e
0x1bfc	0x1bf6B0x1d9e
0x1bfe	0x1bf6B0x1d9e
0x1bff	0x1bf6B0x1d9e
0x1c01	0x1bf6B0x1d9e
0x1c03	0x1bf6B0x1d9e
0x1c06	0x1bf6B0x1d9e
0x1c08	0x1bf6B0x1d9e
0x1c2a	0x1c29B0x1d9e
0xf7f	0xf69B0xfce
0xf2c	0xf1dB0x1d9e
0xeb1	0xea7B0x1d9e
0xec3	0xeb2B0x1d9e
0xed0	0xec4B0x1d9e
0xee2	0xed1B0x1d9e
0xf0b	0xef9B0x1d9e
0xf17	0xf10B0x1d9e
0x1b90	0x1b8dB0x1d9e
0x1bb3	0x1bb0B0x1d9e
0x1bd6	0x1bd3B0x1d9e
0x1c09	0x1bf6B0x1d9e
0x1c2c	0x1c29B0x1d9e
0xefb	0xef9B0x1d9e
0xf21	0xf1dB0x1d9e
0xf73	0xf69B0xfce
0xf79	0xf69B0xfce
0x1c00	0x1bf6B0x1d9e
0x1c05	0x1bf6B0x1d9e
0xef8	0xee3B0x1d9e
0xf1c	0xf18B0x1d9e
0xf82	0xf80B0xfce
0xeb2	0xeb2B0x1d9e
0xed1	0xed1B0x1d9e
0xee3	0xee3B0x1d9e
0xf18	0xf18B0x1d9e
0xdd3	0xdd2B0xd46
0xdd3	0xdd2B0x199
0xdd5	0xdd2B0xd46
0xdd5	0xdd2B0x199
0xdd7	0xdd2B0xd46
0xdd7	0xdd2B0x199
0xdd9	0xdd2B0xd46
0xdd9	0xdd2B0x199
0xddb	0xdd2B0xd46
0xddb	0xdd2B0x199
0xddd	0xdd2B0xd46
0xddd	0xdd2B0x199
0xdde	0xdd2B0xd46
0xdde	0xdd2B0x199
0xde0	0xdd2B0xd46
0xde0	0xdd2B0x199
0xde2	0xdd2B0xd46
0xde2	0xdd2B0x199
0xde3	0xdd2B0xd46
0xde3	0xdd2B0x199
0xde9	0xde8B0x113
0xde9	0xde8B0x192
0xde9	0xde8B0x376
0xde9	0xde8B0x426
0xde9	0xde8B0x45f
0xde9	0xde8B0x518
0xdeb	0xde8B0x113
0xdeb	0xde8B0x192
0xdeb	0xde8B0x376
0xdeb	0xde8B0x426
0xdeb	0xde8B0x45f
0xdeb	0xde8B0x518
0xded	0xde8B0x113
0xded	0xde8B0x192
0xded	0xde8B0x376
0xded	0xde8B0x426
0xded	0xde8B0x45f
0xded	0xde8B0x518
0xdef	0xde8B0x113
0xdef	0xde8B0x192
0xdef	0xde8B0x376
0xdef	0xde8B0x426
0xdef	0xde8B0x45f
0xdef	0xde8B0x518
0xdf1	0xde8B0x113
0xdf1	0xde8B0x192
0xdf1	0xde8B0x376
0xdf1	0xde8B0x426
0xdf1	0xde8B0x45f
0xdf1	0xde8B0x518
0xdf3	0xde8B0x113
0xdf3	0xde8B0x192
0xdf3	0xde8B0x376
0xdf3	0xde8B0x426
0xdf3	0xde8B0x45f
0xdf3	0xde8B0x518
0xdf4	0xde8B0x113
0xdf4	0xde8B0x192
0xdf4	0xde8B0x376
0xdf4	0xde8B0x426
0xdf4	0xde8B0x45f
0xdf4	0xde8B0x518
0xdf6	0xde8B0x113
0xdf6	0xde8B0x192
0xdf6	0xde8B0x376
0xdf6	0xde8B0x426
0xdf6	0xde8B0x45f
0xdf6	0xde8B0x518
0xdf8	0xde8B0x113
0xdf8	0xde8B0x192
0xdf8	0xde8B0x376
0xdf8	0xde8B0x426
0xdf8	0xde8B0x45f
0xdf8	0xde8B0x518
0xdf9	0xde8B0x113
0xdf9	0xde8B0x192
0xdf9	0xde8B0x376
0xdf9	0xde8B0x426
0xdf9	0xde8B0x45f
0xdf9	0xde8B0x518
0xe00	0xdfeB0x3a0
0xe00	0xdfeB0x103d
0xe02	0xdfeB0x3a0
0xe02	0xdfeB0x103d
0xe03	0xdfeB0x3a0
0xe03	0xdfeB0x103d
0xe04	0xdfeB0x3a0
0xe04	0xdfeB0x103d
0xe08	0xe08B0x3a0
0xe08	0xe08B0x103d
0xe0a	0xe08B0x3a0
0xe0a	0xe08B0x103d
0xe0c	0xe08B0x3a0
0xe0c	0xe08B0x103d
0xe0e	0xe08B0x3a0
0xe0e	0xe08B0x103d
0xe0f	0xe08B0x3a0
0xe0f	0xe08B0x103d
0xe11	0xe08B0x3a0
0xe11	0xe08B0x103d
0xe12	0xe08B0x3a0
0xe12	0xe08B0x103d
0xe14	0xe08B0x3a0
0xe14	0xe08B0x103d
0xe2f	0xe2bB0xd8d
0xe32	0xe2bB0xd8d
0xe33	0xe2bB0xd8d
0xe6a	0xe68B0xf83
0xe6a	0xe68B0x1016
0xe6a	0xe68B0xee3B0x1d9e
0xe6d	0xe68B0xf83
0xe6d	0xe68B0x1016
0xe6d	0xe68B0xee3B0x1d9e
0xe6f	0xe68B0xf83
0xe6f	0xe68B0x1016
0xe6f	0xe68B0xee3B0x1d9e
0xe70	0xe68B0xf83
0xe70	0xe68B0x1016
0xe70	0xe68B0xee3B0x1d9e
0xe72	0xe68B0xf83
0xe72	0xe68B0x1016
0xe72	0xe68B0xee3B0x1d9e
0xe75	0xe68B0xf83
0xe75	0xe68B0x1016
0xe75	0xe68B0xee3B0x1d9e
0xe76	0xe68B0xf83
0xe76	0xe68B0x1016
0xe76	0xe68B0xee3B0x1d9e
0xe80	0xe68B0xf83
0xe80	0xe68B0x1016
0xe80	0xe68B0xee3B0x1d9e
0xe81	0xe68B0xf83
0xe81	0xe68B0x1016
0xe81	0xe68B0xee3B0x1d9e
0xe82	0xe68B0xf83
0xe82	0xe68B0x1016
0xe82	0xe68B0xee3B0x1d9e
0xe86	0xe86B0xf83
0xe86	0xe86B0x1016
0xe86	0xe86B0xee3B0x1d9e
0xf2f	0xf2dB0xf69B0xfce
0xf33	0xf2dB0xf69B0xfce
0xf38	0xf2dB0xf69B0xfce
0xf3a	0xf2dB0xf69B0xfce
0xf3c	0xf2dB0xf69B0xfce
0xf40	0xf3dB0xf69B0xfce
0xf41	0xf3dB0xf69B0xfce
0xf4c	0xf4aB0xf69B0xfce
0xf4d	0xf4aB0xf69B0xfce
0xf4f	0xf4aB0xf69B0xfce
0xf51	0xf4aB0xf69B0xfce
0xf53	0xf4aB0xf69B0xfce
0xf54	0xf4aB0xf69B0xfce
0xf55	0xf4aB0xf69B0xfce
0xf58	0xf4aB0xf69B0xfce
0xf5c	0xf4aB0xf69B0xfce
0xf60	0xf4aB0xf69B0xfce
0xf62	0xf4aB0xf69B0xfce
0xf64	0xf4aB0xf69B0xfce
0xf65	0xf4aB0xf69B0xfce
0x1034	0x1030B0x1062
0x1037	0x1030B0x1062
0x1038	0x1030B0x1062
0x10e2	0x10e1B0xd4d
0x10e4	0x10e1B0xd4d
0x10e5	0x10e1B0xd4d
0x10ea	0x10e1B0xd4d
0x10ec	0x10e1B0xd4d
0x10ed	0x10e1B0xd4d
0x10f1	0x10e1B0xd4d
0x10f3	0x10e1B0xd4d
0x10f5	0x10e1B0xd4d
0x10f7	0x10e1B0xd4d
0x10f8	0x10e1B0xd4d
0x10fb	0x10e1B0xd4d
0x10fc	0x10e1B0xd4d
0x1102	0x10e1B0xd4d
0x1103	0x10e1B0xd4d
0x1106	0x10e1B0xd4d
0x110c	0x10e1B0xd4d
0x110f	0x10e1B0xd4d
0x1114	0x10e1B0xd4d
0x1115	0x10e1B0xd4d
0x1117	0x10e1B0xd4d
0x1119	0x10e1B0xd4d
0x111a	0x10e1B0xd4d
0x111b	0x10e1B0xd4d
0x111d	0x10e1B0xd4d
0x111e	0x10e1B0xd4d
0x111f	0x10e1B0xd4d
0x1124	0x1123B0xd4d
0x1127	0x1123B0xd4d
0x1128	0x1123B0xd4d
0x112b	0x1123B0xd4d
0x112c	0x1123B0xd4d
0x1154	0x1152B0xd4d
0x1157	0x1152B0xd4d
0x1158	0x1152B0xd4d
0x1159	0x1152B0xd4d
0x115e	0x115dB0xd4d
0x115f	0x115dB0xd4d
0x1160	0x115dB0xd4d
0x1161	0x115dB0xd4d
0x1162	0x115dB0xd4d
0x1163	0x115dB0xd4d
0x1164	0x115dB0xd4d
0x1166	0x115dB0xd4d
0x1a16	0x1a15B0xd46
0x1a16	0x1a15B0x199
0x1a39	0x1a38B0x113
0x1a39	0x1a38B0x192
0x1a39	0x1a38B0x376
0x1a39	0x1a38B0x426
0x1a39	0x1a38B0x45f
0x1a39	0x1a38B0x518
0x1a5c	0x1a5bB0x3a0
0x1a5c	0x1a5bB0x103d
0x1a61	0x1a5bB0x3a0
0x1a61	0x1a5bB0x103d
0x1a63	0x1a5bB0x3a0
0x1a63	0x1a5bB0x103d
0x1a64	0x1a5bB0x3a0
0x1a64	0x1a5bB0x103d
0x1a66	0x1a5bB0x3a0
0x1a66	0x1a5bB0x103d
0x1a68	0x1a5bB0x3a0
0x1a68	0x1a5bB0x103d
0x1a6b	0x1a5bB0x3a0
0x1a6b	0x1a5bB0x103d
0x1a6d	0x1a5bB0x3a0
0x1a6d	0x1a5bB0x103d
0x1a8f	0x1a8eB0xd8d
0x1a94	0x1a8eB0xd8d
0x1a96	0x1a8eB0xd8d
0x1a97	0x1a8eB0xd8d
0x1a99	0x1a8eB0xd8d
0x1a9b	0x1a8eB0xd8d
0x1a9e	0x1a8eB0xd8d
0x1aa0	0x1a8eB0xd8d
0x1af5	0x1af4B0xf83
0x1af5	0x1af4B0x1016
0x1af5	0x1af4B0xee3B0x1d9e
0x1afa	0x1af4B0xf83
0x1afa	0x1af4B0x1016
0x1afa	0x1af4B0xee3B0x1d9e
0x1afc	0x1af4B0xf83
0x1afc	0x1af4B0x1016
0x1afc	0x1af4B0xee3B0x1d9e
0x1afd	0x1af4B0xf83
0x1afd	0x1af4B0x1016
0x1afd	0x1af4B0xee3B0x1d9e
0x1aff	0x1af4B0xf83
0x1aff	0x1af4B0x1016
0x1aff	0x1af4B0xee3B0x1d9e
0x1b01	0x1af4B0xf83
0x1b01	0x1af4B0x1016
0x1b01	0x1af4B0xee3B0x1d9e
0x1b04	0x1af4B0xf83
0x1b04	0x1af4B0x1016
0x1b04	0x1af4B0xee3B0x1d9e
0x1b06	0x1af4B0xf83
0x1b06	0x1af4B0x1016
0x1b06	0x1af4B0xee3B0x1d9e
0x1c77	0x1c76B0x1062
0x1c7c	0x1c76B0x1062
0x1c7e	0x1c76B0x1062
0x1c7f	0x1c76B0x1062
0x1c81	0x1c76B0x1062
0x1c83	0x1c76B0x1062
0x1c86	0x1c76B0x1062
0x1c88	0x1c76B0x1062
0x1caa	0x1ca9B0xd4d
0x1caf	0x1ca9B0xd4d
0x1cb1	0x1ca9B0xd4d
0x1cb2	0x1ca9B0xd4d
0x1cb6	0x1ca9B0xd4d
0x1cb8	0x1ca9B0xd4d
0x1cba	0x1ca9B0xd4d
0x1cbc	0x1ca9B0xd4d
0x1cbd	0x1ca9B0xd4d
0x1cc1	0x1ca9B0xd4d
0x1cc2	0x1ca9B0xd4d
0x1cc5	0x1ca9B0xd4d
0x1cea	0x1ce8B0xd4d
0x1ceb	0x1ce8B0xd4d
0x1cee	0x1ce8B0xd4d
0xf68	0xf4aB0xf69B0xfce
0x1169	0x115dB0xd4d
0xde6	0xdd2B0xd46
0xde6	0xdd2B0x199
0xdfc	0xde8B0x113
0xdfc	0xde8B0x192
0xdfc	0xde8B0x376
0xdfc	0xde8B0x426
0xdfc	0xde8B0x45f
0xdfc	0xde8B0x518
0xe07	0xdfeB0x3a0
0xe07	0xdfeB0x103d
0xe36	0xe2bB0xd8d
0xe85	0xe68B0xf83
0xe85	0xe68B0x1016
0xe85	0xe68B0xee3B0x1d9e
0xf44	0xf3dB0xf69B0xfce
0x103b	0x1030B0x1062
0x1122	0x10e1B0xd4d
0x112f	0x1123B0xd4d
0x115c	0x1152B0xd4d
0x1a18	0x1a15B0xd46
0x1a18	0x1a15B0x199
0x1a3b	0x1a38B0x113
0x1a3b	0x1a38B0x192
0x1a3b	0x1a38B0x376
0x1a3b	0x1a38B0x426
0x1a3b	0x1a38B0x45f
0x1a3b	0x1a38B0x518
0x1a6e	0x1a5bB0x3a0
0x1a6e	0x1a5bB0x103d
0x1aa1	0x1a8eB0xd8d
0x1b07	0x1af4B0xf83
0x1b07	0x1af4B0x1016
0x1b07	0x1af4B0xee3B0x1d9e
0x1c89	0x1c76B0x1062
0x1cc8	0x1ca9B0xd4d
0x1cf0	0x1ce8B0xd4d
0xe09	0xe08B0x3a0
0xe09	0xe08B0x103d
0xe88	0xe86B0xf83
0xe88	0xe86B0x1016
0xe88	0xe86B0xee3B0x1d9e
0xf37	0xf2dB0xf69B0xfce
0xf57	0xf4aB0xf69B0xfce
0x10f0	0x10e1B0xd4d
0x10fe	0x10e1B0xd4d
0x1105	0x10e1B0xd4d
0x110b	0x10e1B0xd4d
0x1126	0x1123B0xd4d
0x112a	0x1123B0xd4d
0x1a65	0x1a5bB0x3a0
0x1a65	0x1a5bB0x103d
0x1a6a	0x1a5bB0x3a0
0x1a6a	0x1a5bB0x103d
0x1a98	0x1a8eB0xd8d
0x1a9d	0x1a8eB0xd8d
0x1afe	0x1af4B0xf83
0x1afe	0x1af4B0x1016
0x1afe	0x1af4B0xee3B0x1d9e
0x1b03	0x1af4B0xf83
0x1b03	0x1af4B0x1016
0x1b03	0x1af4B0xee3B0x1d9e
0x1c80	0x1c76B0x1062
0x1c85	0x1c76B0x1062
0x1cb5	0x1ca9B0xd4d
0x1cc4	0x1ca9B0xd4d
0x1ced	0x1ce8B0xd4d
0xde7	0xde7B0xd46
0xde7	0xde7B0x199
0xdfd	0xdfdB0x113
0xdfd	0xdfdB0x192
0xdfd	0xdfdB0x376
0xdfd	0xdfdB0x426
0xdfd	0xdfdB0x45f
0xdfd	0xdfdB0x518
0xe16	0xe08B0x3a0
0xe16	0xe08B0x103d
0xe37	0xe37B0xd8d
0xe89	0xe86B0xf83
0xe89	0xe86B0x1016
0xe89	0xe86B0xee3B0x1d9e
0xf49	0xf45B0xf69B0xfce
0x103c	0x103cB0x1062
0x1131	0x1130B0xd4d
0xf45	0xf45B0xf69B0xfce
0x1130	0x1130B0xd4d
0x115d	0x115dB0xd4d
0x18	0x11
0x22	0x11
0x2a	0x23
0x2d	0x23
0x35	0x2e
0x38	0x2e
0x43	0x39
0x4b	0x44
0x4e	0x44
0x56	0x4f
0x59	0x4f
0x61	0x5a
0x6c	0x65
0x6f	0x65
0x77	0x70
0x7a	0x70
0x82	0x7b
0x85	0x7b
0x8d	0x86
0x90	0x86
0x98	0x91
0x9b	0x91
0xa3	0x9c
0xa6	0x9c
0xae	0xa7
0xb1	0xa7
0xb9	0xb2
0xbc	0xb2
0xc4	0xbd
0xc7	0xbd
0xce	0xc8
0xd1	0xc8
0xd3	0xd2
0xf4	0xe6
0xf5	0xe6
0xf7	0xe6
0xfb	0xe6
0x101	0x100
0x12e	0x12d
0x14d	0x13f
0x14e	0x13f
0x150	0x13f
0x154	0x13f
0x157	0x156
0x176	0x168
0x177	0x168
0x179	0x168
0x17d	0x168
0x180	0x17f
0x1a2	0x1a1
0x1ae	0x1a1
0x1b0	0x1a1
0x1b1	0x1a1
0x1b2	0x1a1
0x1b3	0x1a1
0x1c1	0x1b9
0x1c4	0x1b9
0x1c8	0x1b9
0x1cb	0x1b9
0x1d1	0x1b9
0x1db	0x1b9
0x1dd	0x1b9
0x1df	0x1b9
0x1e0	0x1b9
0x1e9	0x1e5
0x1ea	0x1e5
0x1f1	0x1ef
0x1f2	0x1ef
0x1f8	0x1f7
0x207	0x1fd
0x214	0x1fd
0x217	0x1fd
0x21b	0x1fd
0x221	0x220
0x329	0x309
0x32c	0x309
0x33e	0x335
0x342	0x335
0x345	0x344
0x346	0x344
0x351	0x34d
0x352	0x34d
0x358	0x357
0x359	0x357
0x35a	0x357
0x360	0x35f
0x361	0x35f
0x364	0x363
0x387	0x37d
0x38b	0x37d
0x38c	0x37d
0x390	0x37d
0x392	0x37d
0x397	0x37d
0x398	0x37d
0x399	0x37d
0x3a3	0x3a0
0x3a4	0x3a0
0x3aa	0x3a9
0x3ab	0x3a9
0x3b4	0x3a9
0x3b7	0x3a9
0x3bd	0x3a9
0x3be	0x3a9
0x3bf	0x3a9
0x3c0	0x3a9
0x3c3	0x3a9
0x3c4	0x3a9
0x3c5	0x3a9
0x3c6	0x3a9
0x3c9	0x3a9
0x3cb	0x3a9
0x3cc	0x3a9
0x3d0	0x3a9
0x3d8	0x3d6
0x3db	0x3da
0x3dc	0x3da
0x3df	0x3de
0x3f8	0x3f0
0x3fb	0x3f0
0x40a	0x3f0
0x40b	0x3f0
0x40d	0x3f0
0x411	0x3f0
0x414	0x413
0x428	0x426
0x42b	0x426
0x43d	0x43b
0x441	0x43b
0x448	0x43b
0x449	0x43b
0x44d	0x44c
0x46f	0x46b
0x478	0x474
0x47b	0x474
0x47f	0x47e
0x498	0x490
0x499	0x490
0x49d	0x49c
0x506	0x505
0x51a	0x518
0x51d	0x518
0x52f	0x52d
0x531	0x52d
0x532	0x52d
0x539	0x52d
0x53a	0x52d
0x53e	0x53d
0xd0f	0xd0b
0xd10	0xd0b
0xd75	0xd4d
0xd79	0xd4d
0xd7c	0xd4d
0xd86	0xd4d
0xd88	0xd4d
0xd90	0xd8d
0xd96	0xd8d
0xd97	0xd8d
0xda6	0xd8d
0xda7	0xd8d
0xdae	0xdad
0xdb2	0xdad
0xdb4	0xdad
0xdb5	0xdad
0xdbc	0xdad
0xdc0	0xdad
0xdc1	0xdad
0xdc4	0xdad
0xdc5	0xdad
0xdc6	0xdad
0xdc9	0xdad
0xdcb	0xdad
0xdcf	0xdcd
0xdd6	0xdd2B0xd46
0xdd6	0xdd2B0x199
0xddf	0xdd2B0xd46
0xddf	0xdd2B0x199
0xde1	0xdd2B0xd46
0xde1	0xdd2B0x199
0xdec	0xde8B0x113
0xdec	0xde8B0x192
0xdec	0xde8B0x376
0xdec	0xde8B0x426
0xdec	0xde8B0x45f
0xdec	0xde8B0x518
0xdf5	0xde8B0x113
0xdf5	0xde8B0x192
0xdf5	0xde8B0x376
0xdf5	0xde8B0x426
0xdf5	0xde8B0x45f
0xdf5	0xde8B0x518
0xdf7	0xde8B0x113
0xdf7	0xde8B0x192
0xdf7	0xde8B0x376
0xdf7	0xde8B0x426
0xdf7	0xde8B0x45f
0xdf7	0xde8B0x518
0xdff	0xdfeB0x3a0
0xdff	0xdfeB0x103d
0xe01	0xdfeB0x3a0
0xe01	0xdfeB0x103d
0xe10	0xe08B0x3a0
0xe10	0xe08B0x103d
0xe13	0xe08B0x3a0
0xe13	0xe08B0x103d
0xe15	0xe08B0x3a0
0xe15	0xe08B0x103d
0xe2c	0xe2bB0xd8d
0xe2d	0xe2bB0xd8d
0xe2e	0xe2bB0xd8d
0xe30	0xe2bB0xd8d
0xe31	0xe2bB0xd8d
0xe69	0xe68B0xf83
0xe69	0xe68B0x1016
0xe69	0xe68B0xee3B0x1d9e
0xe6c	0xe68B0xf83
0xe6c	0xe68B0x1016
0xe6c	0xe68B0xee3B0x1d9e
0xe6e	0xe68B0xf83
0xe6e	0xe68B0x1016
0xe6e	0xe68B0xee3B0x1d9e
0xe71	0xe68B0xf83
0xe71	0xe68B0x1016
0xe71	0xe68B0xee3B0x1d9e
0xe73	0xe68B0xf83
0xe73	0xe68B0x1016
0xe73	0xe68B0xee3B0x1d9e
0xe74	0xe68B0xf83
0xe74	0xe68B0x1016
0xe74	0xe68B0xee3B0x1d9e
0xe7f	0xe68B0xf83
0xe7f	0xe68B0x1016
0xe7f	0xe68B0xee3B0x1d9e
0xe8b	0xe8a
0xe95	0xe92
0xe98	0xe97
0xea5	0xea2
0xeaa	0xea7B0x1d9e
0xeab	0xea7B0x1d9e
0xeb4	0xeb2B0x1d9e
0xebe	0xeb2B0x1d9e
0xec5	0xec4B0x1d9e
0xec6	0xec4B0x1d9e
0xec9	0xec4B0x1d9e
0xed3	0xed1B0x1d9e
0xedd	0xed1B0x1d9e
0xee7	0xee3B0x1d9e
0xeea	0xee3B0x1d9e
0xeec	0xee3B0x1d9e
0xef3	0xee3B0x1d9e
0xef4	0xee3B0x1d9e
0xefa	0xef9B0x1d9e
0xefe	0xef9B0x1d9e
0xeff	0xef9B0x1d9e
0xf01	0xef9B0x1d9e
0xf02	0xef9B0x1d9e
0xf05	0xef9B0x1d9e
0xf06	0xef9B0x1d9e
0xf0f	0xf0cB0x1d9e
0xf11	0xf10B0x1d9e
0xf12	0xf10B0x1d9e
0xf19	0xf18B0x1d9e
0xf1a	0xf18B0x1d9e
0xf1b	0xf18B0x1d9e
0xf1e	0xf1dB0x1d9e
0xf20	0xf1dB0x1d9e
0xf24	0xf1dB0x1d9e
0xf25	0xf1dB0x1d9e
0xf27	0xf1dB0x1d9e
0xf2e	0xf2dB0xf69B0xfce
0xf31	0xf2dB0xf69B0xfce
0xf32	0xf2dB0xf69B0xfce
0xf34	0xf2dB0xf69B0xfce
0xf35	0xf2dB0xf69B0xfce
0xf36	0xf2dB0xf69B0xfce
0xf39	0xf2dB0xf69B0xfce
0xf3b	0xf2dB0xf69B0xfce
0xf3e	0xf3dB0xf69B0xfce
0xf3f	0xf3dB0xf69B0xfce
0xf46	0xf45B0xf69B0xfce
0xf47	0xf45B0xf69B0xfce
0xf48	0xf45B0xf69B0xfce
0xf4b	0xf4aB0xf69B0xfce
0xf56	0xf4aB0xf69B0xfce
0xf5a	0xf4aB0xf69B0xfce
0xf5b	0xf4aB0xf69B0xfce
0xf5d	0xf4aB0xf69B0xfce
0xf5e	0xf4aB0xf69B0xfce
0xf5f	0xf4aB0xf69B0xfce
0xf61	0xf4aB0xf69B0xfce
0xf6c	0xf69B0xfce
0xf70	0xf69B0xfce
0xf71	0xf69B0xfce
0xf72	0xf69B0xfce
0xf74	0xf69B0xfce
0xf77	0xf69B0xfce
0xf7b	0xf69B0xfce
0xf81	0xf80B0xfce
0xf88	0xf83
0xf8c	0xf83
0xf92	0xf83
0xf9a	0xf97
0xfa1	0xf97
0xfb3	0xf97
0xfc9	0xfb8
0xfd2	0xfce
0xfdb	0xfce
0xfdf	0xfce
0xfe0	0xfce
0xfe1	0xfce
0xfe2	0xfce
0xfe3	0xfce
0xfe4	0xfce
0xfed	0xfce
0xff1	0xfce
0xff9	0xff7
0xffc	0xff7
0x1005	0x1002
0x1007	0x1002
0x100d	0x100c
0x1014	0x1012
0x101a	0x1016
0x101b	0x1016
0x101d	0x1016
0x101f	0x1016
0x1024	0x1016
0x1025	0x1016
0x1031	0x1030B0x1062
0x1032	0x1030B0x1062
0x1033	0x1030B0x1062
0x1035	0x1030B0x1062
0x1036	0x1030B0x1062
0x103e	0x103d
0x1047	0x103d
0x104b	0x103d
0x104e	0x103d
0x1063	0x1062
0x106e	0x106b
0x10ee	0x10e1B0xd4d
0x10ef	0x10e1B0xd4d
0x10f9	0x10e1B0xd4d
0x10fa	0x10e1B0xd4d
0x10ff	0x10e1B0xd4d
0x1100	0x10e1B0xd4d
0x1101	0x10e1B0xd4d
0x1108	0x10e1B0xd4d
0x1109	0x10e1B0xd4d
0x110a	0x10e1B0xd4d
0x110e	0x10e1B0xd4d
0x1111	0x10e1B0xd4d
0x1112	0x10e1B0xd4d
0x1113	0x10e1B0xd4d
0x1116	0x10e1B0xd4d
0x111c	0x10e1B0xd4d
0x1153	0x1152B0xd4d
0x1156	0x1152B0xd4d
0x1165	0x115dB0xd4d
0x116b	0x116a0x100
0x116b	0x116a0x49c
0x116b	0x116a0xd13
0x116c	0x116a0x100
0x116c	0x116a0x49c
0x116c	0x116a0xd13
0x116d	0x116a0x100
0x116d	0x116a0x49c
0x116d	0x116a0xd13
0x116f	0x116a0x100
0x116f	0x116a0x49c
0x116f	0x116a0xd13
0x1172	0x116a0x100
0x1172	0x116a0x49c
0x1172	0x116a0xd13
0x1173	0x116a0x100
0x1173	0x116a0x49c
0x1173	0x116a0xd13
0x1174	0x116a0x100
0x1174	0x116a0x49c
0x1174	0x116a0xd13
0x1175	0x116a0x100
0x1175	0x116a0x49c
0x1175	0x116a0xd13
0x1176	0x116a0x100
0x1176	0x116a0x49c
0x1176	0x116a0xd13
0x1177	0x116a0x100
0x1177	0x116a0x49c
0x1177	0x116a0xd13
0x1178	0x116a0x100
0x1178	0x116a0x49c
0x1178	0x116a0xd13
0x1179	0x116a0x100
0x1179	0x116a0x49c
0x1179	0x116a0xd13
0x117a	0x116a0x100
0x117a	0x116a0x49c
0x117a	0x116a0xd13
0x117c	0x116a0x100
0x117c	0x116a0x49c
0x117c	0x116a0xd13
0x117e	0x116a0x100
0x117e	0x116a0x49c
0x117e	0x116a0xd13
0x1180	0x116a0x100
0x1180	0x116a0x49c
0x1180	0x116a0xd13
0x1181	0x116a0x100
0x1181	0x116a0x49c
0x1181	0x116a0xd13
0x1182	0x116a0x100
0x1182	0x116a0x49c
0x1182	0x116a0xd13
0x1183	0x116a0x100
0x1183	0x116a0x49c
0x1183	0x116a0xd13
0x1184	0x116a0x100
0x1184	0x116a0x49c
0x1184	0x116a0xd13
0x1185	0x116a0x100
0x1185	0x116a0x49c
0x1185	0x116a0xd13
0x1188	0x116a0x100
0x1188	0x116a0x49c
0x1188	0x116a0xd13
0x1189	0x11890x100
0x1189	0x11890x49c
0x1189	0x11890xd13
0x118b	0x118a0x100
0x118b	0x118a0x49c
0x118b	0x118a0xd13
0x1190	0x118a0x100
0x1190	0x118a0x49c
0x1190	0x118a0xd13
0x1192	0x118a0x100
0x1192	0x118a0x49c
0x1192	0x118a0xd13
0x1193	0x118a0x100
0x1193	0x118a0x49c
0x1193	0x118a0xd13
0x1194	0x118a0x100
0x1194	0x118a0x49c
0x1194	0x118a0xd13
0x1195	0x118a0x100
0x1195	0x118a0x49c
0x1195	0x118a0xd13
0x1196	0x118a0x100
0x1196	0x118a0x49c
0x1196	0x118a0xd13
0x1198	0x118a0x100
0x1198	0x118a0x49c
0x1198	0x118a0xd13
0x1199	0x118a0x100
0x1199	0x118a0x49c
0x1199	0x118a0xd13
0x119b	0x118a0x100
0x119b	0x118a0x49c
0x119b	0x118a0xd13
0x119c	0x118a0x100
0x119c	0x118a0x49c
0x119c	0x118a0xd13
0x119e	0x119d0x53d
0x119e	0x119d0xaf0
0x11a0	0x119d0x53d
0x11a0	0x119d0xaf0
0x11a1	0x119d0x53d
0x11a1	0x119d0xaf0
0x11a2	0x119d0x53d
0x11a2	0x119d0xaf0
0x11a4	0x119d0x53d
0x11a4	0x119d0xaf0
0x11a7	0x119d0x53d
0x11a7	0x119d0xaf0
0x11a8	0x119d0x53d
0x11a8	0x119d0xaf0
0x11a9	0x119d0x53d
0x11a9	0x119d0xaf0
0x11aa	0x119d0x53d
0x11aa	0x119d0xaf0
0x11ab	0x119d0x53d
0x11ab	0x119d0xaf0
0x11ac	0x119d0x53d
0x11ac	0x119d0xaf0
0x11ad	0x119d0x53d
0x11ad	0x119d0xaf0
0x11ae	0x119d0x53d
0x11ae	0x119d0xaf0
0x11af	0x119d0x53d
0x11af	0x119d0xaf0
0x11b0	0x119d0x53d
0x11b0	0x119d0xaf0
0x11b3	0x119d0x53d
0x11b3	0x119d0xaf0
0x11b4	0x11b40x53d
0x11b4	0x11b40xaf0
0x11b6	0x11b40x53d
0x11b6	0x11b40xaf0
0x11b7	0x11b40x53d
0x11b7	0x11b40xaf0
0x11b8	0x11b40x53d
0x11b8	0x11b40xaf0
0x11ba	0x11b40x53d
0x11ba	0x11b40xaf0
0x11bd	0x11b40x53d
0x11bd	0x11b40xaf0
0x11be	0x11b40x53d
0x11be	0x11b40xaf0
0x11bf	0x11b40x53d
0x11bf	0x11b40xaf0
0x11c0	0x11b40x53d
0x11c0	0x11b40xaf0
0x11c1	0x11b40x53d
0x11c1	0x11b40xaf0
0x11c2	0x11b40x53d
0x11c2	0x11b40xaf0
0x11c3	0x11b40x53d
0x11c3	0x11b40xaf0
0x11c4	0x11b40x53d
0x11c4	0x11b40xaf0
0x11c5	0x11b40x53d
0x11c5	0x11b40xaf0
0x11c7	0x11c60x53d
0x11c7	0x11c60xaf0
0x11cc	0x11c60x53d
0x11cc	0x11c60xaf0
0x11ce	0x11c60x53d
0x11ce	0x11c60xaf0
0x11cf	0x11c60x53d
0x11cf	0x11c60xaf0
0x11d0	0x11c60x53d
0x11d0	0x11c60xaf0
0x11d1	0x11c60x53d
0x11d1	0x11c60xaf0
0x11d3	0x11c60x53d
0x11d3	0x11c60xaf0
0x11d4	0x11c60x53d
0x11d4	0x11c60xaf0
0x1238	0x122d
0x123b	0x122d
0x1307	0x1306
0x1329	0x1328
0x134b	0x134a
0x136d	0x136c
0x138f	0x138e
0x13b1	0x13b0
0x13d3	0x13d2
0x13f5	0x13f4
0x1417	0x1416
0x1439	0x1438
0x145b	0x145a
0x147d	0x147c
0x149f	0x149e
0x14c1	0x14c0
0x14e3	0x14e2
0x1505	0x1504
0x1527	0x1526
0x1549	0x1548
0x156b	0x156a
0x158d	0x158c
0x15af	0x15ae
0x15d1	0x15d0
0x15f3	0x15f2
0x1615	0x1614
0x1638	0x1636
0x165b	0x1659
0x1868	0x1866
0x188b	0x1889
0x1945	0x1943
0x1968	0x1966
0x198b	0x1989
0x19ae	0x19ac
0x19d1	0x19cf
0x19f4	0x19f2
0x1a17	0x1a15B0xd46
0x1a17	0x1a15B0x199
0x1a3a	0x1a38B0x113
0x1a3a	0x1a38B0x192
0x1a3a	0x1a38B0x376
0x1a3a	0x1a38B0x426
0x1a3a	0x1a38B0x45f
0x1a3a	0x1a38B0x518
0x1b8f	0x1b8dB0x1d9e
0x1bb2	0x1bb0B0x1d9e
0x1bd5	0x1bd3B0x1d9e
0x1c2b	0x1c29B0x1d9e
0x1c52	0x1c4c
0x1c55	0x1c4c
0x1cb3	0x1ca9B0xd4d
0x1cb4	0x1ca9B0xd4d
0x1cbe	0x1ca9B0xd4d
0x1cbf	0x1ca9B0xd4d
0x1cc0	0x1ca9B0xd4d
0x1cc7	0x1ca9B0xd4d
0x1ce9	0x1ce8B0xd4d
0x1cec	0x1ce8B0xd4d
0x1cef	0x1ce8B0xd4d
0x1d9f	0x1d9e
0x1da1	0x1d9e
