0x3f	0x17	1
0x3f	0x3a	0
0x60	0x17	1
0x60	0x5b	0
0x4	0x0	1
0x4	0x2	0
0x8	0x5	1
0x8	0x7	0
0x9	0x8	0
0x14	0x13	0
0x17	0x14	1
0x17	0x15	0
0x1e	0x17	1
0x1e	0x19	0
0x29	0x17	1
0x29	0x24	0
0x34	0x17	1
0x34	0x2f	0
0x4a	0x17	1
0x4a	0x45	0
0x55	0x17	1
0x55	0x50	0
0x6b	0x17	1
0x6b	0x66	0
0x76	0x17	1
0x76	0x71	0
0x81	0x17	1
0x81	0x7c	0
0x8c	0x17	1
0x8c	0x87	0
0x97	0x17	1
0x97	0x92	0
0xa2	0x17	1
0xa2	0x9d	0
0xad	0x17	1
0xad	0xa8	0
0xb8	0x17	1
0xb8	0xb3	0
0xc3	0x17	1
0xc3	0xbe	0
0xcd	0x17	1
0xcd	0xc8	0
0xde	0xdc	0
0xe0	0xde	1
0xe0	0xdf	0
0xe1	0xe0	0
0xe1	0xd5arg0x0	1
0xe8	0xe6	0
0xeb	0xe9	0
0xf2	0xee	1
0xf2	0xf0	0
0xf3	0xec	1
0xf3	0xf2	0
0xf6	0xe8	0
0xf6	0xf3	1
0x10c	0x10a	0
0x10d	0x109	1
0x10d	0x10c	0
0x10e	0x107	1
0x10e	0x10d	0
0x137	0x135	0
0x139	0x137	1
0x139	0x138	0
0x13a	0x139	0
0x13a	0x12darg0x1	1
0x141	0x13f	0
0x144	0x142	0
0x14b	0x147	1
0x14b	0x149	0
0x14c	0x145	1
0x14c	0x14b	0
0x14f	0x141	0
0x14f	0x14c	1
0x160	0x15e	0
0x162	0x160	1
0x162	0x161	0
0x163	0x162	0
0x163	0x156arg0x1	1
0x16a	0x168	0
0x16d	0x16b	0
0x174	0x170	1
0x174	0x172	0
0x175	0x16e	1
0x175	0x174	0
0x178	0x16a	0
0x178	0x175	1
0x18b	0x189	0
0x18c	0x188	1
0x18c	0x18b	0
0x18d	0x186	1
0x18d	0x18c	0
0x1a5	0x1a3	0
0x1ac	0x1a8	1
0x1ac	0x1aa	0
0x1ad	0x1a6	1
0x1ad	0x1ac	0
0x1af	0x1a5	0
0x1af	0x1ad	1
0x1b4	0x1a5	0
0x1b4	0x1af	1
0x1ba	0x1b9	0
0x1c3	0x1c2	0
0x1c7	0x1c3	0
0x1ce	0x1c7	1
0x1ce	0x1cc	0
0x1cf	0x1c9	1
0x1cf	0x1ce	0
0x1d0	0x1cf	0
0x1dc	0x1c7	0
0x1dc	0x1d2	1
0x1de	0x1dc	0
0x1e8	0x1dc	1
0x1e8	0x1e6	0
0x1f0	0x1ef_0x0	0
0x206	0x1fd	0
0x208	0x1c7	0
0x208	0x206	1
0x20b	0x208	1
0x20b	0x209	0
0x20d	0x20c	0
0x216	0x215	0
0x314	0x30a	0
0x315	0x20d	1
0x315	0x314	0
0x320	0x315	1
0x320	0x316	0
0x322	0x321	0
0x32b	0x32a	0
0x33d	0x336	1
0x33d	0x33b	0
0x347	0x344_0x0	0
0x34f	0x34e	0
0x350	0x34f	0
0x36f	0x36d	0
0x370	0x36c	1
0x370	0x36f	0
0x371	0x36a	1
0x371	0x370	0
0x384	0x380	1
0x384	0x382	0
0x385	0x37e	1
0x385	0x384	0
0x386	0x385	0
0x386	0xdebV0x376	1
0x391	0x38e	1
0x391	0x363arg0x1	0
0x393	0x391	0
0x396	0x394	0
0x39a	0x393	1
0x39a	0x396	0
0x39b	0x39a	0
0x3ac	0xe12V0x3a0	0
0x3b5	0x3b2	1
0x3b5	0xe12V0x3a0	0
0x3b6	0x3b5	0
0x3b8	0x3b0	1
0x3b8	0xe12V0x3a0	0
0x3b9	0x3b8	0
0x3bc	0x3ba	0
0x3ca	0x3bc	0
0x3ca	0x3c7	1
0x3d1	0x3bc	0
0x3d1	0x3ce	1
0x3d3	0x3bc	0
0x3d3	0x3c1	1
0x3d7	0x3bc	1
0x3d7	0x3ca	0
0x3e8	0x3e6	0
0x3ea	0x3e8	1
0x3ea	0x3e9	0
0x3eb	0x3ea	0
0x3eb	0x3dearg0x1	1
0x3f1	0x3f0	0
0x3fa	0x3f9	0
0x3fe	0x3fa	0
0x401	0x3ff	0
0x408	0x404	1
0x408	0x406	0
0x409	0x402	1
0x409	0x408	0
0x40c	0x3fe	0
0x40c	0x409	1
0x41f	0x41d	0
0x420	0x41c	1
0x420	0x41f	0
0x421	0x41a	1
0x421	0x420	0
0x432	0x42e	1
0x432	0x430	0
0x433	0x42c	1
0x433	0x432	0
0x43c	0x433	1
0x43c	0xdebV0x426	0
0x443	0x429	1
0x443	0x413arg0x1	0
0x444	0x443	0
0x447	0x445	0
0x458	0x456	0
0x459	0x455	1
0x459	0x458	0
0x45a	0x453	1
0x45a	0x459	0
0x46e	0x46c	0
0x477	0x475	0
0x479	0x106d	0
0x47a	0x479	0
0x488	0x486	0
0x48a	0x488	1
0x48a	0x489	0
0x48b	0x48a	0
0x48b	0x47earg0x1	1
0x494	0x492	0
0x497	0x495	0
0x4a6	0x4a4	0
0x4a8	0x4a6	1
0x4a8	0x4a7	0
0x4a9	0x4a8	0
0x4a9	0x49carg0x1	1
0x511	0x50f	0
0x512	0x50e	1
0x512	0x511	0
0x513	0x50c	1
0x513	0x512	0
0x524	0x520	1
0x524	0x522	0
0x525	0x51e	1
0x525	0x524	0
0x52e	0x525	1
0x52e	0xdebV0x518	0
0x534	0x51b	1
0x534	0x505arg0x1	0
0x535	0x534	0
0x538	0x536	0
0x549	0x547	0
0x54a	0x546	1
0x54a	0x549	0
0x54b	0x544	1
0x54b	0x54a	0
0x552	0x550	0
0xafb	0xaf9	0
0xafc	0xaf8	1
0xafc	0xafb	0
0xafd	0xaf6	1
0xafd	0xafc	0
0xb04	0xb02	0
0xcf8	0xcf6	0
0xcf9	0xcf5	1
0xcf9	0xcf8	0
0xcfa	0xcf3	1
0xcfa	0xcf9	0
0xd06	0xd04	0
0xd0e	0xd0c	0
0xd1e	0xd1c	0
0xd1f	0xd1b	1
0xd1f	0xd1e	0
0xd20	0xd19	1
0xd20	0xd1f	0
0xd3f	0xd3d	0
0xd40	0xd3c	1
0xd40	0xd3f	0
0xd41	0xd3a	1
0xd41	0xd40	0
0xd74	0xd72	0
0xd7f	0xd7a	1
0xd7f	0xd7d	0
0xd80	0xd7a	1
0xd80	0xd7f	0
0xd83	0xd81	0
0xd84	0xd80	1
0xd84	0xd83	0
0xd93	0xd8e	1
0xd93	0xd91	0
0xd94	0xd8e	1
0xd94	0xd93	0
0xd95	0xd94	0
0xd95	0xdd5V0xd46	1
0xda2	0xd9f	1
0xda2	0xda1	0
0xda8	0xda2	0
0xdb3	0xdb0	0
0xdb9	0xdb7	0
0xdbd	0xdb3	0
0xdbd	0xdba	1
0xdc2	0xdb0	1
0xdc2	0xdb3	0
0xdca	0xdb3	0
0xdca	0xdc7	1
0xdce	0xdb3	1
0xdce	0xdca	0
0xe8c	0xe8a_0x0	0
0xe8d	0xe8c	0
0xe94	0xe92	0
0xe94	0xe92_0x0	1
0xe99	0xf8b	0
0xe9c	0xe99	1
0xe9c	0xe9a	0
0xe9d	0xe9c	0
0xea4	0xea2	0
0xea4	0xf8b	1
0xf8b	0xf89	0
0xfa2	0xf8b	0
0xfa2	0xf9f	1
0xfa6	0xfa4	0
0xfad	0xfa9	1
0xfad	0xfab	0
0xfae	0xfa7	1
0xfae	0xfad	0
0xfaf	0xfa6	1
0xfaf	0xfae	0
0xfbc	0xfba	0
0xfc3	0xfbf	1
0xfc3	0xfc1	0
0xfc4	0xfbd	1
0xfc4	0xfc3	0
0xfc5	0xfbc	1
0xfc5	0xfc4	0
0xfd5	0xfd0	1
0xfd5	0xfd3	0
0xfd6	0xfd0	1
0xfd6	0xfd5	0
0xfd9	0xfd7	0
0xfda	0xfd6	1
0xfda	0xfd9	0
0xfde	0xfdc	0
0xfec	0xfe5	1
0xfec	0xfea	0
0xff2	0xfde	0
0xff2	0xfef	1
0xff8	0xfde	1
0xff8	0xf45_0x3V0xf69V0xfce	0
0xffb	0xf84	5
0xffb	0xfda	1
0xffb	0xfde	2
0xffb	0xfde	4
0xffb	0xff8	3
0xffb	0xffa	0
0xffd	0xffb	0
0x1013	0xe94	0
0x104a	0x1048	0
0x1051	0x104c	1
0x1051	0x104f	0
0x1052	0x104c	1
0x1052	0x1051	0
0x1053	0x1052	0
0x1053	0xdebV0x45f	1
0x105d	0x105a	1
0x105d	0x105c	0
0x1064	0x103f	1
0x1064	0xe12V0x103d	0
0x1065	0x1064	0
0x106c	0x104a	1
0x106c	0x1034V0x1062	0
0x106d	0x106c	0
0x1231	0x1230	0
0x123a	0x1239	0
0x123e	0x123a	0
0x1241	0x123e	1
0x1241	0x123f	0
0x1242	0x1241	0
0x1242	0x1e44	1
0x1243	0x1242	0
0x1251	0x124a	1
0x1251	0x124f	0
0x1b2f	0x1b28	1
0x1b2f	0x1b2d	0
0x1b62	0x1b5b	1
0x1b62	0x1b60	0
0x1c4f	0x1c4d	0
0x1da0	0xfde	0
0x1da0	0x101c	1
0x1ef_0x0	0x1d0	-1
0x1ef_0x0	0x1de	-1
0x1f7_0x1	0x1f0	-1
0x1f7_0x1	0x347	-1
0x344_0x0	0x1e8	-1
0x344_0x0	0x350	-1
0xd0b_0x1	0xcff	-1
0xd0b_0x1	0xd06	-1
0xe8a_0x0	0xf8b	-1
0xe8a_0x0	0x1006	-1
0xe8a_0x0	0xef2V0x1d9e	-1
0xe92_0x0	0xf8b	-1
0xe92_0x0	0x1006	-1
0xe92_0x0	0xef2V0x1d9e	-1
0xe92_0x1	0xfb0	-1
0xe92_0x1	0x1002	-1
0xfb8_0x1	0xd01	-1
0xfb8_0x1	0xfaf	-1
0xfce_0x2	0xcff	-1
0xfce_0x2	0xd06	-1
0x1012_0x1	0xd01	-1
0x1012_0x1	0xfaf	-1
0x11ce0x53d	0x53d0x11cc	0
0x11ce0x53d	0x53d0x11c7	1
0x11ce0xaf0	0xaf00x11cc	0
0x11ce0xaf0	0xaf00x11c7	1
0x11c00x53d	0x53d0x11bf	0
0x11c00xaf0	0xaf00x11bf	0
0x11b70x53d	0x53d0x11b6	0
0x11b70xaf0	0xaf00x11b6	0
0x11af0x53d	0x53d0x1e3a	1
0x11af0x53d	0x53d0x11ae	0
0x11af0xaf0	0xaf00x1e3a	1
0x11af0xaf0	0xaf00x11ae	0
0x11ae0x53d	0x53d0x11aa	0
0x11ae0xaf0	0xaf00x11aa	0
0x11aa0x53d	0x53d0x11a9	0
0x11aa0xaf0	0xaf00x11a9	0
0x11a10x53d	0x53d0x11a0	0
0x11a10xaf0	0xaf00x11a0	0
0x11920x100	0x1000x1190	0
0x11920x100	0x1000x118b	1
0x11920x49c	0x49c0x1190	0
0x11920x49c	0x49c0x118b	1
0x11920xd13	0xd130x1190	0
0x11920xd13	0xd130x118b	1
0x11840x100	0x1000x1183	0
0x11840x100	0x1000x1182	1
0x11840x49c	0x49c0x1183	0
0x11840x49c	0x49c0x1182	1
0x11840xd13	0xd130x1183	0
0x11840xd13	0xd130x1182	1
0x11820x100	0x1000x1181	0
0x11820x100	0x1000x1179	1
0x11820x49c	0x49c0x1181	0
0x11820x49c	0x49c0x1179	1
0x11820xd13	0xd130x1181	0
0x11820xd13	0xd130x1179	1
0x11810x100	0x1000x1180	0
0x11810x100	0x1000x117a	1
0x11810x49c	0x49c0x1180	0
0x11810x49c	0x49c0x117a	1
0x11810xd13	0xd130x1180	0
0x11810xd13	0xd130x117a	1
0x11800x100	0x1000x117e	0
0x11800x100	0x1000x117c	1
0x11800x49c	0x49c0x117e	0
0x11800x49c	0x49c0x117c	1
0x11800xd13	0xd130x117e	0
0x11800xd13	0xd130x117c	1
0x11790x100	0x1000x1175	0
0x11790x49c	0x49c0x1175	0
0x11790xd13	0xd130x1175	0
0x11750x100	0x1000x1174	0
0x11750x49c	0x49c0x1174	0
0x11750xd13	0xd130x1174	0
0x116c0x100	0x1000x116b	0
0x116c0x49c	0x49c0x116b	0
0x116c0xd13	0xd130x116b	0
0xdebS0x113	0xde9V0x113	0
0xdf3S0x113	0xdefV0x113	1
0xdf3S0x113	0xdf1V0x113	0
0xdf4S0x113	0xdedV0x113	1
0xdf4S0x113	0xdf3V0x113	0
0xdf6S0x113	0xdebV0x113	0
0xdf6S0x113	0xdf4V0x113	1
0xdf8S0x113	0xdebV0x113	0
0xdf8S0x113	0xdf6V0x113	1
0xdebS0x192	0xde9V0x192	0
0xdf3S0x192	0xdefV0x192	1
0xdf3S0x192	0xdf1V0x192	0
0xdf4S0x192	0xdedV0x192	1
0xdf4S0x192	0xdf3V0x192	0
0xdf6S0x192	0xdebV0x192	0
0xdf6S0x192	0xdf4V0x192	1
0xdf8S0x192	0xdebV0x192	0
0xdf8S0x192	0xdf6V0x192	1
0xdebS0x376	0xde9V0x376	0
0xdf3S0x376	0xdefV0x376	1
0xdf3S0x376	0xdf1V0x376	0
0xdf4S0x376	0xdedV0x376	1
0xdf4S0x376	0xdf3V0x376	0
0xdf6S0x376	0xdebV0x376	0
0xdf6S0x376	0xdf4V0x376	1
0xdf8S0x376	0xdebV0x376	0
0xdf8S0x376	0xdf6V0x376	1
0xe0fS0x3a0	0xe0cV0x3a0	1
0xe0fS0x3a0	0xe0eV0x3a0	0
0xe11S0x3a0	0x396	0
0xe11S0x3a0	0xe0aV0x3a0	1
0xe12S0x3a0	0xe0fV0x3a0	1
0xe12S0x3a0	0xe11V0x3a0	0
0xe00S0x3a0	0x391	0
0xe02S0x3a0	0x396	0
0xe02S0x3a0	0xe00V0x3a0	1
0xe03S0x3a0	0xe02V0x3a0	0
0x1a63S0x3a0	0x1a5cV0x3a0	1
0x1a63S0x3a0	0x1a61V0x3a0	0
0xdebS0x426	0xde9V0x426	0
0xdf3S0x426	0xdefV0x426	1
0xdf3S0x426	0xdf1V0x426	0
0xdf4S0x426	0xdedV0x426	1
0xdf4S0x426	0xdf3V0x426	0
0xdf6S0x426	0xdebV0x426	0
0xdf6S0x426	0xdf4V0x426	1
0xdf8S0x426	0xdebV0x426	0
0xdf8S0x426	0xdf6V0x426	1
0xdebS0x45f	0xde9V0x45f	0
0xdf3S0x45f	0xdefV0x45f	1
0xdf3S0x45f	0xdf1V0x45f	0
0xdf4S0x45f	0xdedV0x45f	1
0xdf4S0x45f	0xdf3V0x45f	0
0xdf6S0x45f	0xdebV0x45f	0
0xdf6S0x45f	0xdf4V0x45f	1
0xdf8S0x45f	0xdebV0x45f	0
0xdf8S0x45f	0xdf6V0x45f	1
0xdebS0x518	0xde9V0x518	0
0xdf3S0x518	0xdefV0x518	1
0xdf3S0x518	0xdf1V0x518	0
0xdf4S0x518	0xdedV0x518	1
0xdf4S0x518	0xdf3V0x518	0
0xdf6S0x518	0xdebV0x518	0
0xdf6S0x518	0xdf4V0x518	1
0xdf8S0x518	0xdebV0x518	0
0xdf8S0x518	0xdf6V0x518	1
0xdd5S0xd46	0xdd3V0xd46	0
0xdddS0xd46	0xdd9V0xd46	1
0xdddS0xd46	0xddbV0xd46	0
0xddeS0xd46	0xdd7V0xd46	1
0xddeS0xd46	0xdddV0xd46	0
0xde0S0xd46	0xdd5V0xd46	0
0xde0S0xd46	0xddeV0xd46	1
0xde2S0xd46	0xdd5V0xd46	0
0xde2S0xd46	0xde0V0xd46	1
0xdd5S0x199	0xdd3V0x199	0
0xdddS0x199	0xdd9V0x199	1
0xdddS0x199	0xddbV0x199	0
0xddeS0x199	0xdd7V0x199	1
0xddeS0x199	0xdddV0x199	0
0xde0S0x199	0xdd5V0x199	0
0xde0S0x199	0xddeV0x199	1
0xde2S0x199	0xdd5V0x199	0
0xde2S0x199	0xde0V0x199	1
0xe0fS0x103d	0xe0cV0x103d	1
0xe0fS0x103d	0xe0eV0x103d	0
0xe11S0x103d	0x46e	0
0xe11S0x103d	0xe0aV0x103d	1
0xe12S0x103d	0xe0fV0x103d	1
0xe12S0x103d	0xe11V0x103d	0
0xe00S0x103d	0x105d	0
0xe02S0x103d	0x46e	0
0xe02S0x103d	0xe00V0x103d	1
0xe03S0x103d	0xe02V0x103d	0
0x1a63S0x103d	0x1a5cV0x103d	1
0x1a63S0x103d	0x1a61V0x103d	0
0x1afcS0xf83	0x1af5V0xf83	1
0x1afcS0xf83	0x1afaV0xf83	0
0xe6dS0xf83	0xe6aV0xf83	0
0xe6fS0xf83	0xf90	0
0xe6fS0xf83	0xe6aV0xf83	1
0xe70S0xf83	0xe6dV0xf83	1
0xe70S0xf83	0xe6fV0xf83	0
0xe72S0xf83	0xf8b	0
0xe72S0xf83	0xe70V0xf83	1
0xe75S0xf83	0xf8b	1
0xe75S0xf83	0xe72V0xf83	0
0xe80S0xf83	0xe72V0xf83	0
0xe80S0xf83	0xe76V0xf83	1
0xe81S0xf83	0xe75V0xf83	1
0xe81S0xf83	0xe80V0xf83	0
0x10e4S0xd4d	0x10e2V0xd4d	0
0x10ecS0xd4d	0x10e5V0xd4d	1
0x10ecS0xd4d	0x10eaV0xd4d	0
0x10f7S0xd4d	0x10f3V0xd4d	1
0x10f7S0xd4d	0x10f5V0xd4d	0
0x10f8S0xd4d	0x10f1V0xd4d	1
0x10f8S0xd4d	0x10f7V0xd4d	0
0x10fbS0xd4d	0xd87	1
0x10fbS0xd4d	0x10f8V0xd4d	0
0x1102S0xd4d	0xd85	0
0x1102S0xd4d	0x10f8V0xd4d	1
0x1115S0xd4d	0xd84	1
0x1115S0xd4d	0x10edV0xd4d	2
0x1115S0xd4d	0x10edV0xd4d	3
0x1115S0xd4d	0x10edV0xd4d	5
0x1115S0xd4d	0x110cV0xd4d	6
0x1115S0xd4d	0x110fV0xd4d	4
0x1115S0xd4d	0x1114V0xd4d	0
0x111aS0xd4d	0x1119V0xd4d	0
0x111bS0xd4d	0x1117V0xd4d	1
0x111bS0xd4d	0x111aV0xd4d	0
0x111dS0xd4d	0x1115V0xd4d	0
0x111dS0xd4d	0x111bV0xd4d	1
0x111eS0xd4d	0x111dV0xd4d	0
0x1157S0xd4d	0x1115V0xd4d	0
0x1158S0xd4d	0x1154V0xd4d	1
0x1158S0xd4d	0x1157V0xd4d	0
0x1cb1S0xd4d	0x1caaV0xd4d	1
0x1cb1S0xd4d	0x1cafV0xd4d	0
0x1cbcS0xd4d	0x1cb8V0xd4d	1
0x1cbcS0xd4d	0x1cbaV0xd4d	0
0x1cbdS0xd4d	0x1cb6V0xd4d	1
0x1cbdS0xd4d	0x1cbcV0xd4d	0
0x1cc1S0xd4d	0xd84	1
0x1cc1S0xd4d	0x1cbdV0xd4d	0
0x112bS0xd4d	0x1123_0x1V0xd4d	0
0x1123_0x1S0xd4d	0x1115V0xd4d	-1
0x1123_0x1S0xd4d	0x1164V0xd4d	-1
0x115eS0xd4d	0xd84	0
0x115fS0xd4d	0x115eV0xd4d	0
0x1160S0xd4d	0x115fV0xd4d	0
0x1162S0xd4d	0x1161V0xd4d	0
0x1163S0xd4d	0x1160V0xd4d	1
0x1163S0xd4d	0x1162V0xd4d	0
0x1164S0xd4d	0x1115V0xd4d	1
0x1164S0xd4d	0x1163V0xd4d	0
0xe2fS0xd8d	0xd74	1
0xe2fS0xd8d	0xda8	0
0xe32S0xd8d	0xda8	0
0xe32S0xd8d	0xe2fV0xd8d	1
0x1a96S0xd8d	0x1a8fV0xd8d	1
0x1a96S0xd8d	0x1a94V0xd8d	0
0x1afcS0x1016	0x1af5V0x1016	1
0x1afcS0x1016	0x1afaV0x1016	0
0xe6dS0x1016	0xe6aV0x1016	0
0xe6fS0x1016	0x101c	0
0xe6fS0x1016	0xe6aV0x1016	1
0xe70S0x1016	0xe6dV0x1016	1
0xe70S0x1016	0xe6fV0x1016	0
0xe72S0x1016	0xfde	0
0xe72S0x1016	0xe70V0x1016	1
0xe75S0x1016	0xfde	1
0xe75S0x1016	0xe72V0x1016	0
0xe80S0x1016	0xe72V0x1016	0
0xe80S0x1016	0xe76V0x1016	1
0xe81S0x1016	0xe75V0x1016	1
0xe81S0x1016	0xe80V0x1016	0
0x1c7eS0x1062	0x1c77V0x1062	1
0x1c7eS0x1062	0x1c7cV0x1062	0
0x1034S0x1062	0x1065	1
0x1034S0x1062	0x1066	0
0x1037S0x1062	0x1066	1
0x1037S0x1062	0x1034V0x1062	0
0xf78S0xfce	0xff2	0
0xf78S0xfce	0xf75V0xfce	1
0xf7aS0xfce	0xff2	0
0xf7aS0xfce	0xf6aV0xfce	1
0xf4cS0xf69S0xfce	0xf4a_0x2V0xf69V0xfce	0
0xf53S0xf69S0xfce	0xf4fV0xf69V0xfce	1
0xf53S0xf69S0xfce	0xf51V0xf69V0xfce	0
0xf54S0xf69S0xfce	0xf4dV0xf69V0xfce	1
0xf54S0xf69S0xfce	0xf53V0xf69V0xfce	0
0xf55S0xf69S0xfce	0xf4cV0xf69V0xfce	1
0xf55S0xf69S0xfce	0xf54V0xf69V0xfce	0
0xf5cS0xf69S0xfce	0xf58V0xf69V0xfce	0
0xf5cS0xf69S0xfce	0xf4a_0x3V0xf69V0xfce	1
0xf60S0xf69S0xfce	0xf58V0xf69V0xfce	1
0xf60S0xf69S0xfce	0xf4a_0x2V0xf69V0xfce	0
0xf64S0xf69S0xfce	0xf62V0xf69V0xfce	0
0xf64S0xf69S0xfce	0xf4a_0x0V0xf69V0xfce	1
0xf4a_0x0S0xf69S0xfce	0xf64V0xf69V0xfce	-1
0xf4a_0x0S0xf69S0xfce	0xf3cV0xf69V0xfce	-1
0xf4a_0x2S0xf69S0xfce	0xf60V0xf69V0xfce	-1
0xf4a_0x2S0xf69S0xfce	0xf3aV0xf69V0xfce	-1
0xf4a_0x3S0xf69S0xfce	0xf5cV0xf69V0xfce	-1
0xf4a_0x3S0xf69S0xfce	0xf38V0xf69V0xfce	-1
0xf40S0xf69S0xfce	0xf3d_0x0V0xf69V0xfce	0
0xf40S0xf69S0xfce	0xf33V0xf69V0xfce	1
0xf3d_0x0S0xf69S0xfce	0xf64V0xf69V0xfce	-1
0xf3d_0x0S0xf69S0xfce	0xf3cV0xf69V0xfce	-1
0xf33S0xf69S0xfce	0xf8b	0
0xf38S0xf69S0xfce	0xf7aV0xfce	0
0xf38S0xf69S0xfce	0xf2fV0xf69V0xfce	1
0xf3aS0xf69S0xfce	0xf8b	0
0xf3aS0xf69S0xfce	0xf2fV0xf69V0xfce	1
0xf45_0x3S0xf69S0xfce	0xf5cV0xf69V0xfce	-1
0xf45_0x3S0xf69S0xfce	0xf38V0xf69V0xfce	-1
0xec4S0x1d9e	0xfde	0
0xec4S0x1d9e	0xeb3V0x1d9e	1
0xecaS0x1d9e	0xec4V0x1d9e	0
0xecaS0x1d9e	0xec7V0x1d9e	1
0xecbS0x1d9e	0x1da0	1
0xecbS0x1d9e	0xecaV0x1d9e	0
0xeccS0x1d9e	0xecbV0x1d9e	0
0xf0eS0x1d9e	0xec4V0x1d9e	1
0xf0eS0x1d9e	0xf0cV0x1d9e	0
0x1bfeS0x1d9e	0x1bf7V0x1d9e	1
0x1bfeS0x1d9e	0x1bfcV0x1d9e	0
0xf00S0x1d9e	0xefcV0x1d9e	1
0xf00S0x1d9e	0xef2V0x1d9e	0
0xf03S0x1d9e	0xec4V0x1d9e	0
0xf03S0x1d9e	0xee6V0x1d9e	1
0xf04S0x1d9e	0xefcV0x1d9e	1
0xf04S0x1d9e	0xf03V0x1d9e	0
0xf07S0x1d9e	0x1da0	1
0xf07S0x1d9e	0xf04V0x1d9e	0
0xf1fS0x1d9e	0xf1d_0x1V0x1d9e	0
0xf26S0x1d9e	0xf22V0x1d9e	0
0xf26S0x1d9e	0xf1d_0x1V0x1d9e	1
0xf28S0x1d9e	0xf22V0x1d9e	0
0xf28S0x1d9e	0xf1d_0x0V0x1d9e	1
0xf1d_0x0S0x1d9e	0xf00V0x1d9e	-1
0xf1d_0x0S0x1d9e	0xf28V0x1d9e	-1
0xf1d_0x1S0x1d9e	0xf0eV0x1d9e	-1
0xf1d_0x1S0x1d9e	0xf26V0x1d9e	-1
0xf13S0x1d9e	0xf04V0x1d9e	1
0xf13S0x1d9e	0xf10_0x1V0x1d9e	0
0xf10_0x1S0x1d9e	0xf0eV0x1d9e	-1
0xf10_0x1S0x1d9e	0xf26V0x1d9e	-1
0xeacS0x1d9e	0xfde	1
0xeacS0x1d9e	0x1da0	0
0xeadS0x1d9e	0xea8V0x1d9e	1
0xeadS0x1d9e	0xeacV0x1d9e	0
0xeb3S0x1d9e	0xfde	0
0xebfS0x1d9e	0xeb3V0x1d9e	0
0xebfS0x1d9e	0xeb5V0x1d9e	1
0xed2S0x1d9e	0xec4V0x1d9e	0
0xedeS0x1d9e	0xed2V0x1d9e	0
0xedeS0x1d9e	0xed4V0x1d9e	1
0xee6S0x1d9e	0xed2V0x1d9e	1
0xee6S0x1d9e	0xee4V0x1d9e	0
0xeebS0x1d9e	0xee6V0x1d9e	0
0xeebS0x1d9e	0xee8V0x1d9e	1
0xef2S0x1d9e	0xef0V0x1d9e	0
0x1afcS0xee3S0x1d9e	0x1af5V0xee3V0x1d9e	1
0x1afcS0xee3S0x1d9e	0x1afaV0xee3V0x1d9e	0
0xe6dS0xee3S0x1d9e	0xe6aV0xee3V0x1d9e	0
0xe6fS0xee3S0x1d9e	0xeebV0x1d9e	0
0xe6fS0xee3S0x1d9e	0xe6aV0xee3V0x1d9e	1
0xe70S0xee3S0x1d9e	0xe6dV0xee3V0x1d9e	1
0xe70S0xee3S0x1d9e	0xe6fV0xee3V0x1d9e	0
0xe72S0xee3S0x1d9e	0xef2V0x1d9e	0
0xe72S0xee3S0x1d9e	0xe70V0xee3V0x1d9e	1
0xe75S0xee3S0x1d9e	0xef2V0x1d9e	1
0xe75S0xee3S0x1d9e	0xe72V0xee3V0x1d9e	0
0xe80S0xee3S0x1d9e	0xe72V0xee3V0x1d9e	0
0xe80S0xee3S0x1d9e	0xe76V0xee3V0x1d9e	1
0xe81S0xee3S0x1d9e	0xe75V0xee3V0x1d9e	1
0xe81S0xee3S0x1d9e	0xe80V0xee3V0x1d9e	0
0x1da5	0x1da2	0
0xff6	0xff3	0
0x1a0	0x19d	0
0xd4c	0xd49	0
0x11c	0x119	0
0x198	0x195	0
0x37c	0x379	0
0x43a	0x437	0
0x46a	0x467	0
0x52c	0x529	0
0x3a8	0x3a5	0
0x1061	0x105e	0
0xdac	0xda9	0
0x106a	0x1067	0
0x124	0x121	0
0x228	0x225	0
0x334	0x331	0
0x34c	0x349	0
0x356	0x353	0
0x35e	0x35b	0
0x3d5	0x3ad	0
0x473	0x470	0
0x4b4	0x4b1	0
0x559	0x556	0
0xb0b	0xb08	0
0xd0a	0xd07	0
0xd2b	0xd28	0
0xdcc	0xd6f	0
0xe96	0xe92_0x1	0
0xea6	0xfc6	0
0xfb7	0xfb4	0
0xfcd	0xfca	0
0x1011	0x100e	0
0x1015	0x1012_0x1	0
0x102f	0x102c	0
0x106f	0x461	0
0x1248	0x1231	0
0x11890x100	0x1000x1e35	0
0x11890x49c	0x49c0x1e35	0
0x11890xd13	0xd130x1e35	0
0x11c50x53d	0x53d0x11b7	0
0x11c50xaf0	0xaf00x11b7	0
0xd	0x9	1
0xd	0xa	0
0xda	0xd6	1
0xda	0xd7	0
0xe5	0xe1	1
0xe5	0xe2	0
0x106	0x102	1
0x106	0x103	0
0x112	0x10e	1
0x112	0x10f	0
0x133	0x12f	1
0x133	0x130	0
0x13e	0x13a	1
0x13e	0x13b	0
0x15c	0x158	1
0x15c	0x159	0
0x167	0x163	1
0x167	0x164	0
0x185	0x181	1
0x185	0x182	0
0x191	0x18d	1
0x191	0x18e	0
0x1b8	0x1b4	1
0x1b8	0x1b5	0
0x1e4	0x1de	1
0x1e4	0x1e1	0
0x1ee	0x1e8	1
0x1ee	0x1eb	0
0x1f6	0x1f0	1
0x1f6	0x1f3	0
0x1fc	0x1f9	0
0x1fc	0x1f7_0x1	1
0x21f	0x21c	0
0x21f	0x1dda	1
0x369	0x365	1
0x369	0x366	0
0x375	0x371	1
0x375	0x372	0
0x39f	0x39b	1
0x39f	0x39c	0
0x3e4	0x3e0	1
0x3e4	0x3e1	0
0x3ef	0x3eb	1
0x3ef	0x3ec	0
0x419	0x415	1
0x419	0x416	0
0x425	0x421	1
0x425	0x422	0
0x452	0x44e	1
0x452	0x44f	0
0x45e	0x45a	1
0x45e	0x45b	0
0x484	0x480	1
0x484	0x481	0
0x48f	0x48b	1
0x48f	0x48c	0
0x4a2	0x49e	1
0x4a2	0x49f	0
0x4ad	0x4a9	1
0x4ad	0x4aa	0
0x50b	0x507	1
0x50b	0x508	0
0x517	0x513	1
0x517	0x514	0
0x543	0x53f	1
0x543	0x540	0
0x54f	0x54b	1
0x54f	0x54c	0
0xaf5	0xaf1	1
0xaf5	0xaf2	0
0xb01	0xafd	1
0xb01	0xafe	0
0xcf2	0xcee	1
0xcf2	0xcef	0
0xcfe	0xcfa	1
0xcfe	0xcfb	0
0xd18	0xd14	1
0xd18	0xd15	0
0xd24	0xd20	1
0xd24	0xd21	0
0xd39	0xd35	1
0xd39	0xd36	0
0xd45	0xd41	1
0xd45	0xd42	0
0xe91	0xe8d	1
0xe91	0xe8e	0
0xea1	0xe9d	1
0xea1	0xe9e	0
0x1001	0xffd	1
0x1001	0xffe	0
0x100b	0xffb	1
0x100b	0x1008	0
0x1247	0x1243	1
0x1247	0x1244	0
0x1da7	0x1e	1
0x1da7	0x1da6	0
0x1da9	0x29	1
0x1da9	0x1da8	0
0x1dab	0x34	1
0x1dab	0x1daa	0
0x1dad	0x3f	1
0x1dad	0x1dac	0
0x1daf	0x4a	1
0x1daf	0x1dae	0
0x1db1	0x55	1
0x1db1	0x1db0	0
0x1db3	0x60	1
0x1db3	0x1db2	0
0x1db5	0x6b	1
0x1db5	0x1db4	0
0x1db7	0x76	1
0x1db7	0x1db6	0
0x1db9	0x81	1
0x1db9	0x1db8	0
0x1dbb	0x8c	1
0x1dbb	0x1dba	0
0x1dbd	0x97	1
0x1dbd	0x1dbc	0
0x1dbf	0xa2	1
0x1dbf	0x1dbe	0
0x1dc1	0xad	1
0x1dc1	0x1dc0	0
0x1dc3	0xb8	1
0x1dc3	0x1dc2	0
0x1dc5	0xc3	1
0x1dc5	0x1dc4	0
0x1dc7	0xcd	1
0x1dc7	0x1dc6	0
0x11880x100	0x1000x1185	0
0x11880x100	0x1000x1184	1
0x11880x49c	0x49c0x1185	0
0x11880x49c	0x49c0x1184	1
0x11880xd13	0xd130x1185	0
0x11880xd13	0xd130x1184	1
0x11b30x53d	0x53d0x11b0	0
0x11b30x53d	0x53d0x11af	1
0x11b30xaf0	0xaf00x11b0	0
0x11b30xaf0	0xaf00x11af	1
0xfc	0xeb	0
0xfc	0xf9	1
0x155	0x144	0
0x155	0x152	1
0x17e	0x16d	0
0x17e	0x17b	1
0x3d9	0x3bc	0
0x3d9	0x3d7	1
0x412	0x401	0
0x412	0x40f	1
0x44b	0x426	1
0x44b	0x447	0
0x47d	0x45f	1
0x47d	0x477	0
0x49b	0x490	1
0x49b	0x497	0
0x53c	0x518	1
0x53c	0x538	0
0xd12	0xd0e	0
0xd12	0xd0b_0x1	1
0x10	0xe	0
0x10	0xe	1
0xd4	0xd2	0
0xd4	0xd2	1
0x343	0x1af	0
0x343	0x340	1
0x362	0x17farg0x1	0
0x362	0x17farg0x1	1
0x3dd	0x363arg0x1	0
0x3dd	0x363arg0x1	1
0x1257	0x1254	1
0x1257	0x1256	0
0x1308	0xd5arg0x0	0
0x1308	0xd5arg0x0	1
0x132a	0xd5arg0x0	0
0x132a	0xd5arg0x0	1
0x134c	0x100arg0x1	0
0x134c	0x100arg0x1	1
0x136e	0x100arg0x1	0
0x136e	0x100arg0x1	1
0x1390	0x12darg0x1	0
0x1390	0x12darg0x1	1
0x13b2	0x12darg0x1	0
0x13b2	0x12darg0x1	1
0x13d4	0x156arg0x1	0
0x13d4	0x156arg0x1	1
0x13f6	0x156arg0x1	0
0x13f6	0x156arg0x1	1
0x1418	0x17farg0x1	0
0x1418	0x17farg0x1	1
0x143a	0x17farg0x1	0
0x143a	0x17farg0x1	1
0x145c	0x363arg0x1	0
0x145c	0x363arg0x1	1
0x147e	0x363arg0x1	0
0x147e	0x363arg0x1	1
0x14a0	0x3dearg0x1	0
0x14a0	0x3dearg0x1	1
0x14c2	0x3dearg0x1	0
0x14c2	0x3dearg0x1	1
0x14e4	0x413arg0x1	0
0x14e4	0x413arg0x1	1
0x1506	0x413arg0x1	0
0x1506	0x413arg0x1	1
0x1528	0x44carg0x1	0
0x1528	0x44carg0x1	1
0x154a	0x44carg0x1	0
0x154a	0x44carg0x1	1
0x156c	0x47earg0x1	0
0x156c	0x47earg0x1	1
0x158e	0x47earg0x1	0
0x158e	0x47earg0x1	1
0x15b0	0x49carg0x1	0
0x15b0	0x49carg0x1	1
0x15d2	0x49carg0x1	0
0x15d2	0x49carg0x1	1
0x15f4	0x505arg0x1	0
0x15f4	0x505arg0x1	1
0x1616	0x505arg0x1	0
0x1616	0x505arg0x1	1
0x1639	0x1637	0
0x1639	0x1637	1
0x165c	0x165a	0
0x165c	0x165a	1
0x1869	0x1867	0
0x1869	0x1867	1
0x188c	0x188a	0
0x188c	0x188a	1
0x1946	0x1944	0
0x1946	0x1944	1
0x1969	0x1967	0
0x1969	0x1967	1
0x198c	0x198a	0
0x198c	0x198a	1
0x19af	0x19ad	0
0x19af	0x19ad	1
0x19d2	0x19d0	0
0x19d2	0x19d0	1
0x19f5	0x19f3	0
0x19f5	0x19f3	1
0x1b3a	0x1b37	1
0x1b3a	0x1b39	0
0x1b6d	0x1b6a	1
0x1b6d	0x1b6c	0
0x1c56	0x1c4f	0
0x1c56	0x1c54	1
0x119c0x100	0x1000x119b	0
0x119c0x100	0x1000x1199	1
0x119c0x49c	0x49c0x119b	0
0x119c0x49c	0x49c0x1199	1
0x119c0xd13	0xd130x119b	0
0x119c0xd13	0xd130x1199	1
0x11d40x53d	0x53d0x11d3	0
0x11d40x53d	0x53d0x11d1	1
0x11d40xaf0	0xaf00x11d3	0
0x11d40xaf0	0xaf00x11d1	1
0xfa3	0xf9c	2
0xfa3	0xf9e	1
0xfa3	0xfa2	0
0xf8	0xeb	0
0xf8	0xf6	1
0x151	0x144	0
0x151	0x14f	1
0x17a	0x16d	0
0x17a	0x178	1
0x1c6	0x1c0	1
0x1c6	0x1c5	0
0x219	0x213	1
0x219	0x218	0
0x32e	0x328	1
0x32e	0x32d	0
0x33f	0x1af	0
0x33f	0x33d	1
0x388	0x386	1
0x388	0x363arg0x1	0
0x38d	0x389	0
0x38d	0x363arg0x1	1
0x3cd	0x3ac	1
0x3cd	0x3bc	0
0x3d2	0x3b6	1
0x3d2	0x3d1	0
0x3d4	0x3b9	1
0x3d4	0x3d3	0
0x3fd	0x3f7	1
0x3fd	0x3fc	0
0x40e	0x401	0
0x40e	0x40c	1
0x43e	0x43c	1
0x43e	0x413arg0x1	0
0x442	0x426	0
0x442	0x43f	1
0x44a	0x444	1
0x44a	0x447	0
0x47c	0x477	0
0x47c	0x47a	1
0x49a	0x494	1
0x49a	0x497	0
0x530	0x52e	1
0x530	0x505arg0x1	0
0x533	0x518	0
0x533	0x505arg0x1	1
0x53b	0x535	1
0x53b	0x538	0
0xd11	0xd0e	0
0xd11	0x1013	1
0xd99	0xd95	1
0xd99	0xd98	0
0xd9e	0xd9a	1
0xd9e	0xd9c	0
0xdb6	0xd74	1
0xdb6	0xdb3	0
0xdbe	0xdb9	1
0xdbe	0xdbd	0
0xdc3	0xdbf	1
0xdc3	0xdc2	0
0xf9b	0xf8b	0
0xf9b	0xf98	1
0xfb9	0xe94	0
0xfb9	0xfb8_0x1	1
0xfcf	0xea4	0
0xfcf	0xfc5	1
0xfee	0xfde	0
0xfee	0xfec	1
0x1055	0x1053	1
0x1055	0x1054	0
0x1059	0x1056	1
0x1059	0x1057	0
0x123d	0x1237	1
0x123d	0x123c	0
0x1253	0x1251	1
0x1253	0x1252	0
0x1b31	0x1b2f	1
0x1b31	0x1b30	0
0x1b36	0x1b32	1
0x1b36	0x1b34	0
0x1b64	0x1b62	1
0x1b64	0x1b63	0
0x1b69	0x1b65	1
0x1b69	0x1b67	0
0x11780x100	0x1000x1177	0
0x11780x100	0x1000x1172	1
0x11780x49c	0x49c0x1177	0
0x11780x49c	0x49c0x1172	1
0x11780xd13	0xd130x1177	0
0x11780xd13	0xd130x1172	1
0x11940x100	0x1000x1193	0
0x11940x100	0x1000x1192	1
0x11980x100	0x1000x1196	0
0x11980x100	0x1000x1195	1
0x11940x49c	0x49c0x1193	0
0x11940x49c	0x49c0x1192	1
0x11980x49c	0x49c0x1196	0
0x11980x49c	0x49c0x1195	1
0x11940xd13	0xd130x1193	0
0x11940xd13	0xd130x1192	1
0x11980xd13	0xd130x1196	0
0x11980xd13	0xd130x1195	1
0x11ad0x53d	0x53d0x11ac	0
0x11ad0x53d	0x53d0x11a7	1
0x11ad0xaf0	0xaf00x11ac	0
0x11ad0xaf0	0xaf00x11a7	1
0x11c30x53d	0x53d0x11c2	0
0x11c30x53d	0x53d0x11bd	1
0x11c30xaf0	0xaf00x11c2	0
0x11c30xaf0	0xaf00x11bd	1
0x11d00x53d	0x53d0x11cf	0
0x11d00x53d	0x53d0x11ce	1
0x11d00xaf0	0xaf00x11cf	0
0x11d00xaf0	0xaf00x11ce	1
0x21a	0x216	0
0x21a	0x1ddf	1
0x32f	0x32b	0
0x32f	0x1df3	1
0xdaf	0xda2	0
0xdaf	0xe2fV0xd8d	1
0x11c40x53d	0x53d0x1e3f	1
0x11c40x53d	0x53d0x11c0	0
0x11c40xaf0	0xaf00x1e3f	1
0x11c40xaf0	0xaf00x11c0	0
0xdd0	0xd4e	2
0xdd0	0xd95	3
0xdd0	0xdb3	0
0xdd0	0xdce	1
0x1020	0xfde	0
0x1020	0x101c	2
0x1020	0x101e	1
0x1c53	0x1c4f	0
0x1c53	0x1c50	2
0x1c53	0x1c51	1
0xd8c	0xd74	4
0xd8c	0xd76	5
0xd8c	0xd84	1
0xd8c	0xd85	3
0xd8c	0xd87	2
0xd8c	0xd89	0
0xf96	0xf8b	1
0xf96	0xf8d	3
0xf96	0xf90	2
0xf96	0xf93	0
0x1029	0xfde	1
0x1029	0x101c	2
0x1029	0x1021	3
0x1029	0x1026	0
0x1dca	0x12	1
0x1dca	0x1dc9	0
0x1dcd	0x12	2
0x1dcd	0x17	1
0x1dcd	0x1dcc	0
0x1dd0	0x12	2
0x1dd0	0x17	1
0x1dd0	0x1dcf	0
0x1dd3	0x12	2
0x1dd3	0x17	1
0x1dd3	0x1dd2	0
0x1dd6	0x12	2
0x1dd6	0x17	1
0x1dd6	0x1dd5	0
0x1df7	0x12	2
0x1df7	0x17	1
0x1df7	0x1df6	0
0x1dfa	0x12	2
0x1dfa	0x17	1
0x1dfa	0x1df9	0
0x1e02	0x12	2
0x1e02	0x17	1
0x1e02	0x1e01	0
0x1e05	0x12	2
0x1e05	0x17	1
0x1e05	0x1e04	0
0x1e08	0x12	2
0x1e08	0x17	1
0x1e08	0x1e07	0
0x1e0b	0x12	2
0x1e0b	0x17	1
0x1e0b	0x1e0a	0
0x1e13	0x12	2
0x1e13	0x17	1
0x1e13	0x1e12	0
0x1e16	0x17	1
0x1e16	0x1e15	0
0x1e1e	0x1e1d	0
0x1e26	0x1e25	0
0x1e29	0x1e28	0
0x1e2c	0x1e2b	0
0xdfdS0x113	0x116	0
0xdfcS0x113	0xdf8V0x113	1
0xdfcS0x113	0xdf9V0x113	0
0x1a3bS0x113	0x1a39V0x113	0
0x1a3bS0x113	0x1a39V0x113	1
0xdfdS0x192	0x192	0
0xdfcS0x192	0xdf8V0x192	1
0xdfcS0x192	0xdf9V0x192	0
0x1a3bS0x192	0x1a39V0x192	0
0x1a3bS0x192	0x1a39V0x192	1
0xdfdS0x376	0x376	0
0xdfcS0x376	0xdf8V0x376	1
0xdfcS0x376	0xdf9V0x376	0
0x1a3bS0x376	0x1a39V0x376	0
0x1a3bS0x376	0x1a39V0x376	1
0xe09S0x3a0	0x391	1
0xe09S0x3a0	0xe08V0x3a0	0
0xe16S0x3a0	0x3a0	0
0xe07S0x3a0	0xe03V0x3a0	1
0xe07S0x3a0	0xe04V0x3a0	0
0x1a6eS0x3a0	0x1a6bV0x3a0	1
0x1a6eS0x3a0	0x1a6dV0x3a0	0
0x1a65S0x3a0	0x1a63V0x3a0	1
0x1a65S0x3a0	0x1a64V0x3a0	0
0x1a6aS0x3a0	0x1a66V0x3a0	1
0x1a6aS0x3a0	0x1a68V0x3a0	0
0xdfdS0x426	0x434	0
0xdfcS0x426	0xdf8V0x426	1
0xdfcS0x426	0xdf9V0x426	0
0x1a3bS0x426	0x1a39V0x426	0
0x1a3bS0x426	0x1a39V0x426	1
0xdfdS0x45f	0x464	0
0xdfcS0x45f	0xdf8V0x45f	1
0xdfcS0x45f	0xdf9V0x45f	0
0x1a3bS0x45f	0x1a39V0x45f	0
0x1a3bS0x45f	0x1a39V0x45f	1
0xdfdS0x518	0x526	0
0xdfcS0x518	0xdf8V0x518	1
0xdfcS0x518	0xdf9V0x518	0
0x1a3bS0x518	0x1a39V0x518	0
0x1a3bS0x518	0x1a39V0x518	1
0xde7S0xd46	0xd46	0
0xde6S0xd46	0xde2V0xd46	1
0xde6S0xd46	0xde3V0xd46	0
0x1a18S0xd46	0x1a16V0xd46	0
0x1a18S0xd46	0x1a16V0xd46	1
0xde7S0x199	0x19a	0
0xde6S0x199	0xde2V0x199	1
0xde6S0x199	0xde3V0x199	0
0x1a18S0x199	0x1a16V0x199	0
0x1a18S0x199	0x1a16V0x199	1
0xe09S0x103d	0x105d	1
0xe09S0x103d	0xe08V0x103d	0
0xe16S0x103d	0x1041	0
0xe07S0x103d	0xe03V0x103d	1
0xe07S0x103d	0xe04V0x103d	0
0x1a6eS0x103d	0x1a6bV0x103d	1
0x1a6eS0x103d	0x1a6dV0x103d	0
0x1a65S0x103d	0x1a63V0x103d	1
0x1a65S0x103d	0x1a64V0x103d	0
0x1a6aS0x103d	0x1a66V0x103d	1
0x1a6aS0x103d	0x1a68V0x103d	0
0xe88S0xf83	0xe86V0xf83	0
0xe88S0xf83	0xe72V0xf83	1
0xe89S0xf83	0xf8d	0
0x1b07S0xf83	0x1b04V0xf83	1
0x1b07S0xf83	0x1b06V0xf83	0
0x1afeS0xf83	0x1afcV0xf83	1
0x1afeS0xf83	0x1afdV0xf83	0
0x1b03S0xf83	0x1affV0xf83	1
0x1b03S0xf83	0x1b01V0xf83	0
0xe85S0xf83	0xe81V0xf83	1
0xe85S0xf83	0xe82V0xf83	0
0x1122S0xd4d	0x111eV0xd4d	1
0x1122S0xd4d	0x111fV0xd4d	0
0x10f0S0xd4d	0x10ecV0xd4d	1
0x10f0S0xd4d	0x10edV0xd4d	0
0x10feS0xd4d	0x10fbV0xd4d	1
0x10feS0xd4d	0x10fcV0xd4d	0
0x1105S0xd4d	0x1102V0xd4d	1
0x1105S0xd4d	0x1103V0xd4d	0
0x110bS0xd4d	0xd74	1
0x110bS0xd4d	0x1106V0xd4d	0
0x115cS0xd4d	0x1158V0xd4d	1
0x115cS0xd4d	0x1159V0xd4d	0
0x1cc8S0xd4d	0x1cb2V0xd4d	0
0x1cc8S0xd4d	0x1cc5V0xd4d	1
0x1cb5S0xd4d	0x1cb1V0xd4d	1
0x1cb5S0xd4d	0x1cb2V0xd4d	0
0x1cc4S0xd4d	0x1cc1V0xd4d	1
0x1cc4S0xd4d	0x1cc2V0xd4d	0
0x1cf0S0xd4d	0x10e4V0xd4d	0
0x1cf0S0xd4d	0x1ceeV0xd4d	1
0x1cedS0xd4d	0x10e4V0xd4d	0
0x1cedS0xd4d	0x1ceaV0xd4d	2
0x1cedS0xd4d	0x1cebV0xd4d	1
0x112fS0xd4d	0x112bV0xd4d	1
0x112fS0xd4d	0x112cV0xd4d	0
0x1126S0xd4d	0x10e4V0xd4d	1
0x1126S0xd4d	0x1124V0xd4d	0
0x112aS0xd4d	0x1127V0xd4d	1
0x112aS0xd4d	0x1128V0xd4d	0
0x1131S0xd4d	0xd76	0
0x1169S0xd4d	0x1166V0xd4d	0
0xe37S0xd8d	0xda3	0
0xe36S0xd8d	0xe32V0xd8d	1
0xe36S0xd8d	0xe33V0xd8d	0
0x1aa1S0xd8d	0x1a9eV0xd8d	1
0x1aa1S0xd8d	0x1aa0V0xd8d	0
0x1a98S0xd8d	0x1a96V0xd8d	1
0x1a98S0xd8d	0x1a97V0xd8d	0
0x1a9dS0xd8d	0x1a99V0xd8d	1
0x1a9dS0xd8d	0x1a9bV0xd8d	0
0xe88S0x1016	0xe86V0x1016	0
0xe88S0x1016	0xe72V0x1016	1
0xe89S0x1016	0x1021	0
0x1b07S0x1016	0x1b04V0x1016	1
0x1b07S0x1016	0x1b06V0x1016	0
0x1afeS0x1016	0x1afcV0x1016	1
0x1afeS0x1016	0x1afdV0x1016	0
0x1b03S0x1016	0x1affV0x1016	1
0x1b03S0x1016	0x1b01V0x1016	0
0xe85S0x1016	0xe81V0x1016	1
0xe85S0x1016	0xe82V0x1016	0
0x103cS0x1062	0x1044	0
0x1c89S0x1062	0x1c86V0x1062	1
0x1c89S0x1062	0x1c88V0x1062	0
0x1c80S0x1062	0x1c7eV0x1062	1
0x1c80S0x1062	0x1c7fV0x1062	0
0x1c85S0x1062	0x1c81V0x1062	1
0x1c85S0x1062	0x1c83V0x1062	0
0x103bS0x1062	0x1037V0x1062	1
0x103bS0x1062	0x1038V0x1062	0
0xf82S0xfce	0xf85	0
0xf7fS0xfce	0xf7cV0xfce	0
0xf73S0xfce	0xff2	0
0xf73S0xfce	0xfce_0x2	1
0xf79S0xfce	0xf6aV0xfce	1
0xf79S0xfce	0xf78V0xfce	0
0xf68S0xf69S0xfce	0xf65V0xf69V0xfce	0
0xf57S0xf69S0xfce	0xf55V0xf69V0xfce	1
0xf57S0xf69S0xfce	0xf4a_0x3V0xf69V0xfce	0
0xf44S0xf69S0xfce	0xf40V0xf69V0xfce	1
0xf44S0xf69S0xfce	0xf41V0xf69V0xfce	0
0xf37S0xf69S0xfce	0xf7aV0xfce	0
0xf37S0xf69S0xfce	0xf33V0xf69V0xfce	1
0xf49S0xf69S0xfce	0xf6dV0xfce	0
0xed0S0x1d9e	0xeccV0x1d9e	1
0xed0S0x1d9e	0xecdV0x1d9e	0
0x1b90S0x1d9e	0x1b8eV0x1d9e	0
0x1b90S0x1d9e	0x1b8eV0x1d9e	1
0x1bb3S0x1d9e	0x1bb1V0x1d9e	0
0x1bb3S0x1d9e	0x1bb1V0x1d9e	1
0x1bd6S0x1d9e	0x1bd4V0x1d9e	0
0x1bd6S0x1d9e	0x1bd4V0x1d9e	1
0x1c09S0x1d9e	0x1c06V0x1d9e	1
0x1c09S0x1d9e	0x1c08V0x1d9e	0
0x1c00S0x1d9e	0x1bfeV0x1d9e	1
0x1c00S0x1d9e	0x1bffV0x1d9e	0
0x1c05S0x1d9e	0x1c01V0x1d9e	1
0x1c05S0x1d9e	0x1c03V0x1d9e	0
0xf0bS0x1d9e	0xf07V0x1d9e	1
0xf0bS0x1d9e	0xf08V0x1d9e	0
0xefbS0x1d9e	0xed2V0x1d9e	1
0xefbS0x1d9e	0xef2V0x1d9e	0
0x1c2cS0x1d9e	0x1c2aV0x1d9e	0
0x1c2cS0x1d9e	0x1c2aV0x1d9e	1
0xf2cS0x1d9e	0xf29V0x1d9e	0
0xf21S0x1d9e	0xf1fV0x1d9e	1
0xf21S0x1d9e	0xf1d_0x0V0x1d9e	0
0xf17S0x1d9e	0xf13V0x1d9e	1
0xf17S0x1d9e	0xf14V0x1d9e	0
0xeb1S0x1d9e	0xeadV0x1d9e	1
0xeb1S0x1d9e	0xeaeV0x1d9e	0
0xec3S0x1d9e	0xebfV0x1d9e	1
0xec3S0x1d9e	0xec0V0x1d9e	0
0xee2S0x1d9e	0xedeV0x1d9e	1
0xee2S0x1d9e	0xedfV0x1d9e	0
0xef8S0x1d9e	0xeebV0x1d9e	2
0xef8S0x1d9e	0xeedV0x1d9e	3
0xef8S0x1d9e	0xef2V0x1d9e	1
0xef8S0x1d9e	0xef5V0x1d9e	0
0xf1cS0x1d9e	0x1017	0
0xe88S0xee3S0x1d9e	0xe86V0xee3V0x1d9e	0
0xe88S0xee3S0x1d9e	0xe72V0xee3V0x1d9e	1
0xe89S0xee3S0x1d9e	0xeedV0x1d9e	0
0x1b07S0xee3S0x1d9e	0x1b04V0xee3V0x1d9e	1
0x1b07S0xee3S0x1d9e	0x1b06V0xee3V0x1d9e	0
0x1afeS0xee3S0x1d9e	0x1afcV0xee3V0x1d9e	1
0x1afeS0xee3S0x1d9e	0x1afdV0xee3V0x1d9e	0
0x1b03S0xee3S0x1d9e	0x1affV0xee3V0x1d9e	1
0x1b03S0xee3S0x1d9e	0x1b01V0xee3V0x1d9e	0
0xe85S0xee3S0x1d9e	0xe81V0xee3V0x1d9e	1
0xe85S0xee3S0x1d9e	0xe82V0xee3V0x1d9e	0
